dataset,split,feature,train_mean,split_mean,train_std,split_std,abs_standardized_mean_shift,abs_log_std_ratio
Unraveled,val,src_port,-0.12158602476119995,-0.08723703026771545,0.5856791138648987,0.5553275346755981,0.05864814668893814,0.053213976323604584
Unraveled,val,dst_port,0.8074862957000732,4.396645545959473,9.84565258026123,12.792482376098633,0.36454254388809204,0.2618277668952942
Unraveled,val,protocol,-0.4900011718273163,-0.8101186156272888,0.6296598315238953,0.3930132985115051,0.5083974599838257,0.4713362455368042
Unraveled,val,ip_version,0.003873487701639533,0.0010341595625504851,0.08793163299560547,0.045467011630535126,0.032290179282426834,0.6595725417137146
Unraveled,val,tunnel_id,2.92461318167625e-05,0.0,0.009366831742227077,0.0,0.003122307825833559,22.26729393005371
Unraveled,val,bidirectional_duration_ms,0.4092990756034851,0.26424640417099,1.4595931768417358,0.9127280116081238,0.09937883913516998,0.4694751501083374
Unraveled,val,bidirectional_packets,0.8036671876907349,0.5747601389884949,12.922216415405273,8.863736152648926,0.017714224755764008,0.37697967886924744
Unraveled,val,bidirectional_bytes,3.306398391723633,1.4692903757095337,128.24017333984375,47.922279357910156,0.014325526542961597,0.9843243360519409
Unraveled,val,src2dst_duration_ms,0.40913933515548706,0.26454877853393555,1.4600476026535034,0.9128855466842651,0.09903139621019363,0.46961385011672974
Unraveled,val,src2dst_packets,0.5975785255432129,0.4158041179180145,7.218321323394775,5.564783096313477,0.025182366371154785,0.2601644694805145
Unraveled,val,src2dst_bytes,4.998575687408447,0.6200151443481445,580.2002563476562,27.969690322875977,0.007546636741608381,3.0322518348693848
Unraveled,val,dst2src_duration_ms,0.3587140142917633,0.24714650213718414,1.1990946531295776,0.7110166549682617,0.09304312616586685,0.5226262211799622
Unraveled,val,dst2src_packets,0.9243314266204834,0.6460473537445068,19.52326011657715,13.092790603637695,0.014253975823521614,0.3995448648929596
Unraveled,val,dst2src_bytes,3.1022918224334717,1.8318678140640259,46.64790725708008,65.67402648925781,0.02723431959748268,0.3420754373073578
Unraveled,val,bidirectional_min_ps,0.44966015219688416,0.0027512351516634226,3.978513717651367,0.5129011273384094,0.11233062297105789,2.0485806465148926
Unraveled,val,bidirectional_mean_ps,0.3699412941932678,0.21478791534900665,1.4635003805160522,0.9120839238166809,0.10601526498794556,0.4728543162345886
Unraveled,val,bidirectional_stddev_ps,0.33458343148231506,0.2525332570075989,0.9985558390617371,0.6994213461875916,0.08216883987188339,0.35605672001838684
Unraveled,val,bidirectional_max_ps,0.38811516761779785,0.2697385847568512,1.03873872756958,0.7060062289237976,0.1139618456363678,0.3861384391784668
Unraveled,val,src2dst_min_ps,0.35046106576919556,-0.07500430196523666,3.9775545597076416,0.5024195313453674,0.10696657001972198,2.0689871311187744
Unraveled,val,src2dst_mean_ps,0.30082738399505615,0.10683314502239227,2.4700543880462646,0.8812514543533325,0.0785384476184845,1.030652403831482
Unraveled,val,src2dst_stddev_ps,0.40263181924819946,0.3826054334640503,1.1451596021652222,0.6523743271827698,0.01748785562813282,0.562680721282959
Unraveled,val,src2dst_max_ps,0.2685571312904358,0.17391179502010345,1.4007576704025269,0.6498435139656067,0.06756724417209625,0.7680370211601257
Unraveled,val,dst2src_min_ps,0.0904586911201477,0.04242696240544319,0.3604656457901001,0.23716890811920166,0.13324911892414093,0.4186241030693054
Unraveled,val,dst2src_mean_ps,0.3082602620124817,0.23033052682876587,1.4220508337020874,0.9459601640701294,0.05480094999074936,0.40765491127967834
Unraveled,val,dst2src_stddev_ps,0.36064696311950684,0.3024568259716034,0.8745681643486023,0.6583173871040344,0.06653585284948349,0.2840430438518524
Unraveled,val,dst2src_max_ps,0.3740619719028473,0.2685401439666748,1.0206090211868286,0.7063157558441162,0.10339103639125824,0.36809244751930237
Unraveled,val,bidirectional_min_piat_ms,2.0179808139801025,0.33649444580078125,17.573101043701172,8.615582466125488,0.09568523615598679,0.7127969264984131
Unraveled,val,bidirectional_mean_piat_ms,0.3370710611343384,0.21330447494983673,0.9457729458808899,0.5796515941619873,0.13086289167404175,0.4895753264427185
Unraveled,val,bidirectional_stddev_piat_ms,0.31234458088874817,0.2517551779747009,0.586624026298523,0.4335494935512543,0.10328489542007446,0.3023781180381775
Unraveled,val,bidirectional_max_piat_ms,0.21550540626049042,0.15403607487678528,0.39730268716812134,0.2857001721858978,0.1547166258096695,0.3297555148601532
Unraveled,val,src2dst_min_piat_ms,4.23892879486084,1.2346446514129639,40.363162994384766,26.685710906982422,0.07443133741617203,0.4137893617153168
Unraveled,val,src2dst_mean_piat_ms,0.37544113397598267,0.2780008614063263,0.9490271210670471,0.6727306842803955,0.10267385095357895,0.34409236907958984
Unraveled,val,src2dst_stddev_piat_ms,0.2976391613483429,0.24674557149410248,0.5333670973777771,0.397990882396698,0.09541943669319153,0.2927808463573456
Unraveled,val,src2dst_max_piat_ms,0.2157471477985382,0.1549617350101471,0.3972316384315491,0.2855367958545685,0.15302258729934692,0.3301486372947693
Unraveled,val,dst2src_min_piat_ms,191.66697692871094,102.85884094238281,3571.016845703125,2648.52685546875,0.024869145825505257,0.29884687066078186
Unraveled,val,dst2src_mean_piat_ms,0.36239904165267944,0.2964456081390381,0.9220451712608337,0.6878432035446167,0.07152950018644333,0.29303327202796936
Unraveled,val,dst2src_stddev_piat_ms,0.3093862533569336,0.25712278485298157,0.5828924179077148,0.42657357454299927,0.08966229110956192,0.3122178018093109
Unraveled,val,dst2src_max_piat_ms,0.2122546136379242,0.16055236756801605,0.39409977197647095,0.28483742475509644,0.13119074702262878,0.3246855139732361
Unraveled,val,bidirectional_syn_packets,0.47767871618270874,0.7203729152679443,0.5115041136741638,0.4050638675689697,0.47447165846824646,0.23331084847450256
Unraveled,val,bidirectional_cwr_packets,3.2495702271262417e-06,0.0,0.0018026534235104918,0.0,0.0018026594771072268,20.6193790435791
Unraveled,val,bidirectional_urg_packets,3.2495702271262417e-06,0.0,0.0018026534235104918,0.0,0.0018026594771072268,20.6193790435791
Unraveled,val,bidirectional_ack_packets,0.7979706525802612,0.565357506275177,13.030064582824707,8.582529067993164,0.01785203255712986,0.41753068566322327
Unraveled,val,bidirectional_psh_packets,0.6694640517234802,0.45813843607902527,9.234723091125488,4.692182540893555,0.022883806377649307,0.6770728230476379
Unraveled,val,bidirectional_rst_packets,0.2366987019777298,0.5054858922958374,0.45730435848236084,0.41375356912612915,0.5877643823623657,0.10007858276367188
Unraveled,val,bidirectional_fin_packets,0.43718579411506653,0.4080002009868622,0.49710944294929504,0.4899442493915558,0.058710597455501556,0.014518600888550282
Unraveled,val,src2dst_syn_packets,0.48985645174980164,0.8077270984649658,0.5528591275215149,0.4177713692188263,0.5749577879905701,0.28016889095306396
Unraveled,val,src2dst_cwr_packets,3.2495702271262417e-06,0.0,0.0018026534235104918,0.0,0.0018026594771072268,20.6193790435791
Unraveled,val,src2dst_urg_packets,3.2495702271262417e-06,0.0,0.0018026534235104918,0.0,0.0018026594771072268,20.6193790435791
Unraveled,val,src2dst_ack_packets,0.674923837184906,0.5006756782531738,7.193912506103516,5.528798580169678,0.02422161214053631,0.26326465606689453
Unraveled,val,src2dst_psh_packets,0.6502394080162048,0.4278087913990021,15.583106994628906,2.646230936050415,0.014273829758167267,1.7730510234832764
Unraveled,val,src2dst_rst_packets,0.1691645085811615,0.39421677589416504,0.3854734003543854,0.43592512607574463,0.5838334560394287,0.12299831211566925
Unraveled,val,src2dst_fin_packets,0.4330669641494751,0.40278899669647217,0.5086641311645508,0.49885430932044983,0.05952448025345802,0.019473830237984657
Unraveled,val,dst2src_syn_packets,0.46550095081329346,0.6330187916755676,0.5056989789009094,0.48345422744750977,0.33125999569892883,0.044984929263591766
Unraveled,val,dst2src_ack_packets,0.9333220720291138,0.6365074515342712,20.05355453491211,12.586837768554688,0.01480109803378582,0.46575480699539185
Unraveled,val,dst2src_psh_packets,0.7723716497421265,0.5457352995872498,9.526208877563477,9.195775032043457,0.02379082329571247,0.035302676260471344
Unraveled,val,dst2src_rst_packets,0.1350683867931366,0.22253821790218353,0.5083519816398621,0.48249590396881104,0.17206548154354095,0.05220165476202965
Unraveled,val,dst2src_fin_packets,0.44130462408065796,0.4132113754749298,0.5038257241249084,0.49395009875297546,0.05575985461473465,0.019795939326286316
Unraveled,val,application_is_guessed,0.02506718412041664,0.015043790452182293,0.1563291996717453,0.12172704190015793,0.06411722302436829,0.2501828372478485
Unraveled,val,has_requested_server_name,-0.2804768979549408,-0.4937950372695923,0.4492322504520416,0.4999614953994751,0.47485044598579407,0.10699108988046646
Unraveled,val,has_content_type,0.036313947290182114,0.22829072177410126,0.18707014620304108,0.4197309613227844,1.0262287855148315,0.8081302642822266
Unraveled,val,is_gateway,0.4136573076248169,0.6929192543029785,0.4924885034561157,0.4612831771373749,0.5670425891876221,0.0654589906334877
Unraveled,val,tod_sin,0.10892714560031891,0.4506542980670929,0.3548593521118164,0.44616419076919556,0.9629932045936584,0.22896555066108704
Unraveled,val,tod_cos,-0.08876413106918335,-0.20846661925315857,0.3842974007129669,0.32424530386924744,0.3114839792251587,0.16991642117500305
Unraveled,val,dow_sin,0.07333486527204514,0.3933883011341095,0.37484633922576904,0.16109617054462433,0.8538256883621216,0.8445146679878235
Unraveled,val,dow_cos,0.0469636395573616,0.43145516514778137,0.3836926519870758,0.15346112847328186,1.002082109451294,0.9163945913314819
Unraveled,val,delta_src,1.062842607498169,0.1809326410293579,25.00348663330078,2.261197566986084,0.035271480679512024,2.403120756149292
Unraveled,val,delta_dst,1.667555809020996,0.0552472360432148,9.199055671691895,0.41514280438423157,0.17526893317699432,3.098233699798584
Unraveled,test,src_port,-0.12158602476119995,-0.06918494403362274,0.5856791138648987,0.5625395774841309,0.08947063237428665,0.04031054303050041
Unraveled,test,dst_port,0.8074862957000732,1.0085411071777344,9.84565258026123,9.58614444732666,0.02042066864669323,0.02671124041080475
Unraveled,test,protocol,-0.4900011718273163,-0.6077434420585632,0.6296598315238953,0.6262388825416565,0.18699346482753754,0.00544783566147089
Unraveled,test,ip_version,0.003873487701639533,0.002641606843098998,0.08793163299560547,0.07263769954442978,0.01400952972471714,0.19107554852962494
Unraveled,test,tunnel_id,2.92461318167625e-05,4.5544944441644475e-05,0.009366831742227077,0.011689001694321632,0.0017400560900568962,0.22147341072559357
Unraveled,test,bidirectional_duration_ms,0.4092990756034851,0.39550772309303284,1.4595931768417358,1.364482045173645,0.009448764845728874,0.06738285720348358
Unraveled,test,bidirectional_packets,0.8036671876907349,0.8607765436172485,12.922216415405273,7.075095176696777,0.004419470671564341,0.602367103099823
Unraveled,test,bidirectional_bytes,3.306398391723633,2.4001758098602295,128.24017333984375,61.4840087890625,0.007066604681313038,0.7351277470588684
Unraveled,test,src2dst_duration_ms,0.40913933515548706,0.39517587423324585,1.4600476026535034,1.3644990921020508,0.009563702158629894,0.06768161058425903
Unraveled,test,src2dst_packets,0.5975785255432129,0.6619088649749756,7.218321323394775,5.2860026359558105,0.00891209114342928,0.3115600645542145
Unraveled,test,src2dst_bytes,4.998575687408447,0.8268229365348816,580.2002563476562,17.3363037109375,0.00719019491225481,3.510570526123047
Unraveled,test,dst2src_duration_ms,0.3587140142917633,0.34555917978286743,1.1990946531295776,1.0581766366958618,0.010970639064908028,0.12501953542232513
Unraveled,test,dst2src_packets,0.9243314266204834,0.9738759398460388,19.52326011657715,10.022516250610352,0.0025377171114087105,0.6667724251747131
Unraveled,test,dst2src_bytes,3.1022918224334717,3.066960096359253,46.64790725708008,85.17621612548828,0.0007574128685519099,0.6020941734313965
Unraveled,test,bidirectional_min_ps,0.44966015219688416,0.2501586079597473,3.978513717651367,2.2159454822540283,0.0501447431743145,0.5852291584014893
Unraveled,test,bidirectional_mean_ps,0.3699412941932678,0.321481317281723,1.4635003805160522,1.0844444036483765,0.03311237692832947,0.2997632920742035
Unraveled,test,bidirectional_stddev_ps,0.33458343148231506,0.3232137858867645,0.9985558390617371,0.8174839615821838,0.011386089026927948,0.2000788450241089
Unraveled,test,bidirectional_max_ps,0.38811516761779785,0.38438746333122253,1.03873872756958,0.9260911345481873,0.0035886832047253847,0.11478987336158752
Unraveled,test,src2dst_min_ps,0.35046106576919556,0.14704573154449463,3.9775545597076416,2.214689016342163,0.05114080384373665,0.5855551362037659
Unraveled,test,src2dst_mean_ps,0.30082738399505615,0.2548196315765381,2.4700543880462646,1.6018728017807007,0.01862620934844017,0.4330667555332184
Unraveled,test,src2dst_stddev_ps,0.40263181924819946,0.45484650135040283,1.1451596021652222,1.0231174230575562,0.045595988631248474,0.11268976330757141
Unraveled,test,src2dst_max_ps,0.2685571312904358,0.32469335198402405,1.4007576704025269,1.1850184202194214,0.04007561132311821,0.1672549992799759
Unraveled,test,dst2src_min_ps,0.0904586911201477,0.09537504613399506,0.3604656457901001,0.3238655626773834,0.013638900592923164,0.10706815868616104
Unraveled,test,dst2src_mean_ps,0.3082602620124817,0.2768188416957855,1.4220508337020874,1.0359607934951782,0.02210991270840168,0.3167707622051239
Unraveled,test,dst2src_stddev_ps,0.36064696311950684,0.35236361622810364,0.8745681643486023,0.745818018913269,0.009471356868743896,0.15924860537052155
Unraveled,test,dst2src_max_ps,0.3740619719028473,0.3763873279094696,1.0206090211868286,0.9133893251419067,0.0022784003522247076,0.11099258810281754
Unraveled,test,bidirectional_min_piat_ms,2.0179808139801025,0.7455143332481384,17.573101043701172,12.556986808776855,0.07240989804267883,0.3360922038555145
Unraveled,test,bidirectional_mean_piat_ms,0.3370710611343384,0.28341159224510193,0.9457729458808899,0.7911590337753296,0.05673610046505928,0.17850354313850403
Unraveled,test,bidirectional_stddev_piat_ms,0.31234458088874817,0.3158082962036133,0.586624026298523,0.5591610074043274,0.005904489196836948,0.047946687787771225
Unraveled,test,bidirectional_max_piat_ms,0.21550540626049042,0.21408386528491974,0.39730268716812134,0.37967661023139954,0.0035779797472059727,0.045378535985946655
Unraveled,test,src2dst_min_piat_ms,4.23892879486084,2.5886261463165283,40.363162994384766,38.66541290283203,0.04088635742664337,0.042972080409526825
Unraveled,test,src2dst_mean_piat_ms,0.37544113397598267,0.34989121556282043,0.9490271210670471,0.9051526188850403,0.02692222222685814,0.04733380675315857
Unraveled,test,src2dst_stddev_piat_ms,0.2976391613483429,0.3020329475402832,0.5333670973777771,0.5017223954200745,0.008237827569246292,0.06116293743252754
Unraveled,test,src2dst_max_piat_ms,0.2157471477985382,0.21358716487884521,0.3972316384315491,0.3778860867023468,0.005437590181827545,0.04992678388953209
Unraveled,test,dst2src_min_piat_ms,191.66697692871094,231.74378967285156,3571.016845703125,4022.988037109375,0.01122280117124319,0.1191745474934578
Unraveled,test,dst2src_mean_piat_ms,0.36239904165267944,0.36953288316726685,0.9220451712608337,0.9355263710021973,0.007736976258456707,0.014515162445604801
Unraveled,test,dst2src_stddev_piat_ms,0.3093862533569336,0.31339317560195923,0.5828924179077148,0.5460219383239746,0.00687420554459095,0.06534349173307419
Unraveled,test,dst2src_max_piat_ms,0.2122546136379242,0.21445392072200775,0.39409977197647095,0.37615469098091125,0.005580584518611431,0.046603646129369736
Unraveled,test,bidirectional_syn_packets,0.47767871618270874,0.5694712400436401,0.5115041136741638,0.5117247104644775,0.17945608496665955,0.00043120625196024776
Unraveled,test,bidirectional_cwr_packets,3.2495702271262417e-06,0.0,0.0018026534235104918,0.0,0.0018026594771072268,20.6193790435791
Unraveled,test,bidirectional_urg_packets,3.2495702271262417e-06,0.0,0.0018026534235104918,0.0,0.0018026594771072268,20.6193790435791
Unraveled,test,bidirectional_ack_packets,0.7979706525802612,0.8131677508354187,13.030064582824707,6.337708473205566,0.0011663102777674794,0.7207420468330383
Unraveled,test,bidirectional_psh_packets,0.6694640517234802,0.768751323223114,9.234723091125488,7.196435451507568,0.010751515626907349,0.2493847757577896
Unraveled,test,bidirectional_rst_packets,0.2366987019777298,0.2642973065376282,0.45730435848236084,0.46872860193252563,0.060350626707077026,0.0246747937053442
Unraveled,test,bidirectional_fin_packets,0.43718579411506653,0.5350695848464966,0.49710944294929504,0.49966952204704285,0.19690591096878052,0.00513674458488822
Unraveled,test,src2dst_syn_packets,0.48985645174980164,0.5760524868965149,0.5528591275215149,0.550729513168335,0.15590958297252655,0.003859447780996561
Unraveled,test,src2dst_cwr_packets,3.2495702271262417e-06,0.0,0.0018026534235104918,0.0,0.0018026594771072268,20.6193790435791
Unraveled,test,src2dst_urg_packets,3.2495702271262417e-06,0.0,0.0018026534235104918,0.0,0.0018026594771072268,20.6193790435791
Unraveled,test,src2dst_ack_packets,0.674923837184906,0.7304084300994873,7.193912506103516,5.226337432861328,0.007712714374065399,0.31952446699142456
Unraveled,test,src2dst_psh_packets,0.6502394080162048,0.6718316078186035,15.583106994628906,3.9579710960388184,0.0013856157893314958,1.3704559803009033
Unraveled,test,src2dst_rst_packets,0.1691645085811615,0.21312756836414337,0.3854734003543854,0.4148988425731659,0.114049531519413,0.07356259226799011
Unraveled,test,src2dst_fin_packets,0.4330669641494751,0.5318434834480286,0.5086641311645508,0.5115742087364197,0.19418810307979584,0.005704670213162899
Unraveled,test,dst2src_syn_packets,0.46550095081329346,0.5628899931907654,0.5056989789009094,0.5032606720924377,0.19258302450180054,0.004833320155739784
Unraveled,test,dst2src_ack_packets,0.9333220720291138,0.9042030572891235,20.05355453491211,8.216530799865723,0.0014520625118166208,0.8922584056854248
Unraveled,test,dst2src_psh_packets,0.7723716497421265,0.9617649912834167,9.526208877563477,13.512399673461914,0.019881291314959526,0.34956094622612
Unraveled,test,dst2src_rst_packets,0.1350683867931366,0.1023394912481308,0.5083519816398621,0.45684143900871277,0.06438235193490982,0.10683771222829819
Unraveled,test,dst2src_fin_packets,0.44130462408065796,0.5382956862449646,0.5038257241249084,0.5036213397979736,0.19250914454460144,0.00040575151797384024
Unraveled,test,application_is_guessed,0.02506718412041664,0.0545780248939991,0.1563291996717453,0.2271547168493271,0.18877369165420532,0.37366732954978943
Unraveled,test,has_requested_server_name,-0.2804768979549408,-0.4104662239551544,0.4492322504520416,0.4919184148311615,0.28935885429382324,0.09077288955450058
Unraveled,test,has_content_type,0.036313947290182114,0.02872367948293686,0.18707014620304108,0.16702882945537567,0.04057444632053375,0.11331721395254135
Unraveled,test,is_gateway,0.4136573076248169,0.4584706127643585,0.4924885034561157,0.4982723295688629,0.09099360555410385,0.011675713583827019
Unraveled,test,tod_sin,0.10892714560031891,0.15472233295440674,0.3548593521118164,0.3731478154659271,0.12905165553092957,0.050253164023160934
Unraveled,test,tod_cos,-0.08876413106918335,-0.09788984805345535,0.3842974007129669,0.39129751920700073,0.023746496066451073,0.018051505088806152
Unraveled,test,dow_sin,0.07333486527204514,0.12151798605918884,0.37484633922576904,0.3942384421825409,0.1285409927368164,0.0504397489130497
Unraveled,test,dow_cos,0.0469636395573616,-0.07785039395093918,0.3836926519870758,0.3055960536003113,0.32529690861701965,0.22757771611213684
Unraveled,test,delta_src,1.062842607498169,0.6504176259040833,25.00348663330078,6.906051158905029,0.01649469882249832,1.2866172790527344
Unraveled,test,delta_dst,1.667555809020996,0.39735087752342224,9.199055671691895,1.9114174842834473,0.1380799263715744,1.5712556838989258
