seed,split,from_stage,to_stage,true_stage,count,fraction_of_rows,fraction_of_overrides
42,test,Benign,Benign,Benign,31,0.00047063110112496013,0.007940573770491803
42,test,Benign,Benign,Establish Foothold,1,1.518164842338581e-05,0.00025614754098360657
42,test,Benign,Benign,Lateral Movement,1,1.518164842338581e-05,0.00025614754098360657
42,test,Benign,Benign,Data Exfiltration,25,0.00037954121058464527,0.006403688524590164
42,test,Benign,Reconnaissance,Benign,553,0.008395451578132354,0.1416495901639344
42,test,Benign,Reconnaissance,Reconnaissance,2692,0.040868997555754606,0.6895491803278688
42,test,Benign,Reconnaissance,Lateral Movement,1,1.518164842338581e-05,0.00025614754098360657
42,test,Benign,Reconnaissance,Data Exfiltration,16,0.00024290637477417297,0.004098360655737705
42,test,Benign,Establish Foothold,Benign,4,6.072659369354324e-05,0.0010245901639344263
42,test,Benign,Lateral Movement,Benign,34,0.0005161760463951176,0.008709016393442622
42,test,Benign,Lateral Movement,Lateral Movement,1,1.518164842338581e-05,0.00025614754098360657
42,test,Benign,Data Exfiltration,Benign,28,0.0004250861558548027,0.007172131147540984
42,test,Benign,Data Exfiltration,Reconnaissance,1,1.518164842338581e-05,0.00025614754098360657
42,test,Benign,Data Exfiltration,Lateral Movement,2,3.036329684677162e-05,0.0005122950819672131
42,test,Benign,Data Exfiltration,Data Exfiltration,3,4.554494527015743e-05,0.0007684426229508197
42,test,Reconnaissance,Benign,Benign,3,4.554494527015743e-05,0.0007684426229508197
42,test,Reconnaissance,Reconnaissance,Benign,32,0.00048581274954834593,0.00819672131147541
42,test,Reconnaissance,Reconnaissance,Reconnaissance,225,0.0034158708952618075,0.057633196721311473
42,test,Reconnaissance,Reconnaissance,Lateral Movement,2,3.036329684677162e-05,0.0005122950819672131
42,test,Reconnaissance,Lateral Movement,Benign,1,1.518164842338581e-05,0.00025614754098360657
42,test,Reconnaissance,Data Exfiltration,Benign,5,7.590824211692905e-05,0.0012807377049180327
42,test,Establish Foothold,Benign,Establish Foothold,2,3.036329684677162e-05,0.0005122950819672131
42,test,Establish Foothold,Establish Foothold,Benign,6,9.108989054031487e-05,0.0015368852459016393
42,test,Establish Foothold,Lateral Movement,Benign,4,6.072659369354324e-05,0.0010245901639344263
42,test,Establish Foothold,Data Exfiltration,Benign,1,1.518164842338581e-05,0.00025614754098360657
42,test,Establish Foothold,Data Exfiltration,Establish Foothold,6,9.108989054031487e-05,0.0015368852459016393
42,test,Establish Foothold,Data Exfiltration,Data Exfiltration,2,3.036329684677162e-05,0.0005122950819672131
42,test,Lateral Movement,Benign,Benign,4,6.072659369354324e-05,0.0010245901639344263
42,test,Lateral Movement,Reconnaissance,Benign,3,4.554494527015743e-05,0.0007684426229508197
42,test,Lateral Movement,Reconnaissance,Reconnaissance,1,1.518164842338581e-05,0.00025614754098360657
42,test,Lateral Movement,Reconnaissance,Lateral Movement,197,0.0029907847394070046,0.05046106557377049
42,test,Lateral Movement,Establish Foothold,Benign,1,1.518164842338581e-05,0.00025614754098360657
42,test,Lateral Movement,Lateral Movement,Benign,9,0.0001366348358104723,0.002305327868852459
42,test,Lateral Movement,Lateral Movement,Lateral Movement,2,3.036329684677162e-05,0.0005122950819672131
42,test,Lateral Movement,Data Exfiltration,Benign,4,6.072659369354324e-05,0.0010245901639344263
42,test,Lateral Movement,Data Exfiltration,Lateral Movement,1,1.518164842338581e-05,0.00025614754098360657
42,test_shuffle_bn_order,Benign,Benign,Benign,54,0.0008198090148628338,0.020224719101123594
42,test_shuffle_bn_order,Benign,Benign,Establish Foothold,1,1.518164842338581e-05,0.0003745318352059925
42,test_shuffle_bn_order,Benign,Reconnaissance,Benign,381,0.005784208049309994,0.14269662921348314
42,test_shuffle_bn_order,Benign,Reconnaissance,Reconnaissance,1849,0.028070867934840364,0.6925093632958802
42,test_shuffle_bn_order,Benign,Reconnaissance,Lateral Movement,1,1.518164842338581e-05,0.0003745318352059925
42,test_shuffle_bn_order,Benign,Reconnaissance,Data Exfiltration,1,1.518164842338581e-05,0.0003745318352059925
42,test_shuffle_bn_order,Benign,Establish Foothold,Benign,1,1.518164842338581e-05,0.0003745318352059925
42,test_shuffle_bn_order,Benign,Lateral Movement,Benign,2,3.036329684677162e-05,0.000749063670411985
42,test_shuffle_bn_order,Benign,Lateral Movement,Lateral Movement,1,1.518164842338581e-05,0.0003745318352059925
42,test_shuffle_bn_order,Benign,Data Exfiltration,Benign,13,0.00019736142950401553,0.0048689138576779025
42,test_shuffle_bn_order,Benign,Data Exfiltration,Reconnaissance,1,1.518164842338581e-05,0.0003745318352059925
42,test_shuffle_bn_order,Benign,Data Exfiltration,Lateral Movement,3,4.554494527015743e-05,0.0011235955056179776
42,test_shuffle_bn_order,Benign,Data Exfiltration,Data Exfiltration,42,0.0006376292337822041,0.015730337078651686
42,test_shuffle_bn_order,Reconnaissance,Reconnaissance,Benign,41,0.0006224475853588183,0.015355805243445693
42,test_shuffle_bn_order,Reconnaissance,Reconnaissance,Reconnaissance,225,0.0034158708952618075,0.08426966292134831
42,test_shuffle_bn_order,Reconnaissance,Reconnaissance,Lateral Movement,2,3.036329684677162e-05,0.000749063670411985
42,test_shuffle_bn_order,Establish Foothold,Benign,Benign,9,0.0001366348358104723,0.0033707865168539327
42,test_shuffle_bn_order,Establish Foothold,Benign,Establish Foothold,1,1.518164842338581e-05,0.0003745318352059925
42,test_shuffle_bn_order,Establish Foothold,Establish Foothold,Benign,1,1.518164842338581e-05,0.0003745318352059925
42,test_shuffle_bn_order,Establish Foothold,Data Exfiltration,Benign,1,1.518164842338581e-05,0.0003745318352059925
42,test_shuffle_bn_order,Establish Foothold,Data Exfiltration,Establish Foothold,7,0.00010627153896370068,0.0026217228464419477
42,test_shuffle_bn_order,Establish Foothold,Data Exfiltration,Data Exfiltration,2,3.036329684677162e-05,0.000749063670411985
42,test_shuffle_bn_order,Lateral Movement,Benign,Benign,4,6.072659369354324e-05,0.00149812734082397
42,test_shuffle_bn_order,Lateral Movement,Reconnaissance,Benign,3,4.554494527015743e-05,0.0011235955056179776
42,test_shuffle_bn_order,Lateral Movement,Reconnaissance,Reconnaissance,1,1.518164842338581e-05,0.0003745318352059925
42,test_shuffle_bn_order,Lateral Movement,Reconnaissance,Lateral Movement,6,9.108989054031487e-05,0.0022471910112359553
42,test_shuffle_bn_order,Lateral Movement,Lateral Movement,Benign,12,0.00018217978108062973,0.0044943820224719105
42,test_shuffle_bn_order,Lateral Movement,Lateral Movement,Lateral Movement,2,3.036329684677162e-05,0.000749063670411985
42,test_shuffle_bn_order,Lateral Movement,Data Exfiltration,Benign,2,3.036329684677162e-05,0.000749063670411985
42,test_shuffle_bn_order,Lateral Movement,Data Exfiltration,Lateral Movement,1,1.518164842338581e-05,0.0003745318352059925
43,test,Benign,Benign,Benign,54,0.0008198090148628338,0.02012672381662318
43,test,Benign,Benign,Reconnaissance,3,4.554494527015743e-05,0.0011181513231457323
43,test,Benign,Benign,Data Exfiltration,9,0.0001366348358104723,0.003354453969437197
43,test,Benign,Reconnaissance,Benign,381,0.005784208049309994,0.14200521803950802
43,test,Benign,Reconnaissance,Reconnaissance,2032,0.03084910959631997,0.7573611628773761
43,test,Benign,Reconnaissance,Lateral Movement,1,1.518164842338581e-05,0.0003727171077152441
43,test,Benign,Reconnaissance,Data Exfiltration,1,1.518164842338581e-05,0.0003727171077152441
43,test,Benign,Establish Foothold,Benign,6,9.108989054031487e-05,0.0022363026462914647
43,test,Benign,Lateral Movement,Benign,9,0.0001366348358104723,0.003354453969437197
43,test,Benign,Data Exfiltration,Benign,32,0.00048581274954834593,0.011926947446887812
43,test,Benign,Data Exfiltration,Establish Foothold,1,1.518164842338581e-05,0.0003727171077152441
43,test,Benign,Data Exfiltration,Data Exfiltration,4,6.072659369354324e-05,0.0014908684308609765
43,test,Reconnaissance,Benign,Benign,6,9.108989054031487e-05,0.0022363026462914647
43,test,Reconnaissance,Reconnaissance,Benign,29,0.00044026780427818853,0.01080879612374208
43,test,Reconnaissance,Reconnaissance,Lateral Movement,1,1.518164842338581e-05,0.0003727171077152441
43,test,Reconnaissance,Data Exfiltration,Benign,40,0.0006072659369354324,0.014908684308609765
43,test,Establish Foothold,Benign,Benign,9,0.0001366348358104723,0.003354453969437197
43,test,Establish Foothold,Benign,Establish Foothold,1,1.518164842338581e-05,0.0003727171077152441
43,test,Establish Foothold,Benign,Data Exfiltration,1,1.518164842338581e-05,0.0003727171077152441
43,test,Establish Foothold,Establish Foothold,Benign,6,9.108989054031487e-05,0.0022363026462914647
43,test,Establish Foothold,Establish Foothold,Establish Foothold,1,1.518164842338581e-05,0.0003727171077152441
43,test,Establish Foothold,Lateral Movement,Benign,1,1.518164842338581e-05,0.0003727171077152441
43,test,Establish Foothold,Data Exfiltration,Benign,6,9.108989054031487e-05,0.0022363026462914647
43,test,Establish Foothold,Data Exfiltration,Establish Foothold,3,4.554494527015743e-05,0.0011181513231457323
43,test,Establish Foothold,Data Exfiltration,Data Exfiltration,1,1.518164842338581e-05,0.0003727171077152441
43,test,Lateral Movement,Benign,Benign,15,0.00022772472635078716,0.005590756615728662
43,test,Lateral Movement,Reconnaissance,Benign,1,1.518164842338581e-05,0.0003727171077152441
43,test,Lateral Movement,Reconnaissance,Reconnaissance,1,1.518164842338581e-05,0.0003727171077152441
43,test,Lateral Movement,Reconnaissance,Lateral Movement,11,0.00016699813265724393,0.004099888184867686
43,test,Lateral Movement,Lateral Movement,Benign,14,0.00021254307792740136,0.005218039508013418
43,test,Lateral Movement,Data Exfiltration,Benign,3,4.554494527015743e-05,0.0011181513231457323
43,test_shuffle_bn_order,Benign,Benign,Benign,39,0.0005920842885120466,0.025177533892834086
43,test_shuffle_bn_order,Benign,Benign,Reconnaissance,36,0.0005465393432418892,0.023240800516462233
43,test_shuffle_bn_order,Benign,Benign,Data Exfiltration,2,3.036329684677162e-05,0.0012911555842479018
43,test_shuffle_bn_order,Benign,Reconnaissance,Benign,343,0.005207305409221334,0.22143318269851517
43,test_shuffle_bn_order,Benign,Reconnaissance,Reconnaissance,920,0.013967116549514946,0.5939315687540349
43,test_shuffle_bn_order,Benign,Reconnaissance,Data Exfiltration,1,1.518164842338581e-05,0.0006455777921239509
43,test_shuffle_bn_order,Benign,Establish Foothold,Benign,3,4.554494527015743e-05,0.001936733376371853
43,test_shuffle_bn_order,Benign,Lateral Movement,Benign,18,0.0002732696716209446,0.011620400258231117
43,test_shuffle_bn_order,Benign,Data Exfiltration,Benign,29,0.00044026780427818853,0.01872175597159458
43,test_shuffle_bn_order,Benign,Data Exfiltration,Establish Foothold,1,1.518164842338581e-05,0.0006455777921239509
43,test_shuffle_bn_order,Benign,Data Exfiltration,Data Exfiltration,11,0.00016699813265724393,0.0071013557133634605
43,test_shuffle_bn_order,Reconnaissance,Benign,Benign,1,1.518164842338581e-05,0.0006455777921239509
43,test_shuffle_bn_order,Reconnaissance,Reconnaissance,Benign,71,0.0010778970380603927,0.045836023240800515
43,test_shuffle_bn_order,Reconnaissance,Reconnaissance,Lateral Movement,1,1.518164842338581e-05,0.0006455777921239509
43,test_shuffle_bn_order,Reconnaissance,Data Exfiltration,Benign,3,4.554494527015743e-05,0.001936733376371853
43,test_shuffle_bn_order,Establish Foothold,Benign,Benign,7,0.00010627153896370068,0.004519044544867657
43,test_shuffle_bn_order,Establish Foothold,Establish Foothold,Benign,6,9.108989054031487e-05,0.003873466752743706
43,test_shuffle_bn_order,Establish Foothold,Lateral Movement,Benign,2,3.036329684677162e-05,0.0012911555842479018
43,test_shuffle_bn_order,Establish Foothold,Lateral Movement,Data Exfiltration,1,1.518164842338581e-05,0.0006455777921239509
43,test_shuffle_bn_order,Establish Foothold,Data Exfiltration,Benign,7,0.00010627153896370068,0.004519044544867657
43,test_shuffle_bn_order,Establish Foothold,Data Exfiltration,Establish Foothold,5,7.590824211692905e-05,0.0032278889606197547
43,test_shuffle_bn_order,Establish Foothold,Data Exfiltration,Data Exfiltration,1,1.518164842338581e-05,0.0006455777921239509
43,test_shuffle_bn_order,Lateral Movement,Benign,Benign,2,3.036329684677162e-05,0.0012911555842479018
43,test_shuffle_bn_order,Lateral Movement,Benign,Reconnaissance,1,1.518164842338581e-05,0.0006455777921239509
43,test_shuffle_bn_order,Lateral Movement,Reconnaissance,Benign,5,7.590824211692905e-05,0.0032278889606197547
43,test_shuffle_bn_order,Lateral Movement,Reconnaissance,Lateral Movement,5,7.590824211692905e-05,0.0032278889606197547
43,test_shuffle_bn_order,Lateral Movement,Lateral Movement,Benign,25,0.00037954121058464527,0.016139444803098774
43,test_shuffle_bn_order,Lateral Movement,Data Exfiltration,Benign,3,4.554494527015743e-05,0.001936733376371853
44,test,Benign,Benign,Benign,10,0.0001518164842338581,0.00370919881305638
44,test,Benign,Benign,Lateral Movement,1,1.518164842338581e-05,0.000370919881305638
44,test,Benign,Benign,Data Exfiltration,2,3.036329684677162e-05,0.000741839762611276
44,test,Benign,Reconnaissance,Benign,387,0.005875297939850309,0.1435459940652819
44,test,Benign,Reconnaissance,Reconnaissance,1917,0.029103220027630602,0.711053412462908
44,test,Benign,Reconnaissance,Lateral Movement,1,1.518164842338581e-05,0.000370919881305638
44,test,Benign,Reconnaissance,Data Exfiltration,3,4.554494527015743e-05,0.001112759643916914
44,test,Benign,Establish Foothold,Benign,3,4.554494527015743e-05,0.001112759643916914
44,test,Benign,Lateral Movement,Benign,8,0.00012145318738708648,0.002967359050445104
44,test,Benign,Data Exfiltration,Benign,12,0.00018217978108062973,0.004451038575667656
44,test,Benign,Data Exfiltration,Establish Foothold,2,3.036329684677162e-05,0.000741839762611276
44,test,Benign,Data Exfiltration,Data Exfiltration,185,0.002808604958326375,0.06862017804154302
44,test,Reconnaissance,Benign,Benign,1,1.518164842338581e-05,0.000370919881305638
44,test,Reconnaissance,Reconnaissance,Benign,29,0.00044026780427818853,0.010756676557863502
44,test,Reconnaissance,Reconnaissance,Reconnaissance,4,6.072659369354324e-05,0.001483679525222552
44,test,Reconnaissance,Lateral Movement,Benign,3,4.554494527015743e-05,0.001112759643916914
44,test,Reconnaissance,Data Exfiltration,Benign,16,0.00024290637477417297,0.005934718100890208
44,test,Reconnaissance,Data Exfiltration,Establish Foothold,1,1.518164842338581e-05,0.000370919881305638
44,test,Establish Foothold,Benign,Benign,5,7.590824211692905e-05,0.00185459940652819
44,test,Establish Foothold,Benign,Data Exfiltration,1,1.518164842338581e-05,0.000370919881305638
44,test,Establish Foothold,Establish Foothold,Benign,6,9.108989054031487e-05,0.002225519287833828
44,test,Establish Foothold,Lateral Movement,Benign,1,1.518164842338581e-05,0.000370919881305638
44,test,Establish Foothold,Data Exfiltration,Benign,2,3.036329684677162e-05,0.000741839762611276
44,test,Establish Foothold,Data Exfiltration,Establish Foothold,3,4.554494527015743e-05,0.001112759643916914
44,test,Lateral Movement,Benign,Benign,5,7.590824211692905e-05,0.00185459940652819
44,test,Lateral Movement,Benign,Lateral Movement,1,1.518164842338581e-05,0.000370919881305638
44,test,Lateral Movement,Reconnaissance,Benign,1,1.518164842338581e-05,0.000370919881305638
44,test,Lateral Movement,Reconnaissance,Lateral Movement,77,0.0011689869286007075,0.028560830860534125
44,test,Lateral Movement,Lateral Movement,Benign,7,0.00010627153896370068,0.0025964391691394658
44,test,Lateral Movement,Data Exfiltration,Benign,2,3.036329684677162e-05,0.000741839762611276
44,test_shuffle_bn_order,Benign,Benign,Benign,14,0.00021254307792740136,0.00841852074564041
44,test_shuffle_bn_order,Benign,Benign,Establish Foothold,2,3.036329684677162e-05,0.0012026458208057728
44,test_shuffle_bn_order,Benign,Reconnaissance,Benign,291,0.004417859691205271,0.17498496692723992
44,test_shuffle_bn_order,Benign,Reconnaissance,Reconnaissance,1056,0.016031820735095417,0.634996993385448
44,test_shuffle_bn_order,Benign,Reconnaissance,Lateral Movement,1,1.518164842338581e-05,0.0006013229104028864
44,test_shuffle_bn_order,Benign,Lateral Movement,Benign,2,3.036329684677162e-05,0.0012026458208057728
44,test_shuffle_bn_order,Benign,Data Exfiltration,Benign,13,0.00019736142950401553,0.007817197835237523
44,test_shuffle_bn_order,Benign,Data Exfiltration,Lateral Movement,1,1.518164842338581e-05,0.0006013229104028864
44,test_shuffle_bn_order,Benign,Data Exfiltration,Data Exfiltration,190,0.0028845132004433043,0.11425135297654841
44,test_shuffle_bn_order,Reconnaissance,Reconnaissance,Benign,49,0.0007439007727459047,0.029464822609741433
44,test_shuffle_bn_order,Reconnaissance,Reconnaissance,Reconnaissance,4,6.072659369354324e-05,0.0024052916416115455
44,test_shuffle_bn_order,Reconnaissance,Reconnaissance,Establish Foothold,1,1.518164842338581e-05,0.0006013229104028864
44,test_shuffle_bn_order,Establish Foothold,Benign,Benign,3,4.554494527015743e-05,0.0018039687312086591
44,test_shuffle_bn_order,Establish Foothold,Benign,Data Exfiltration,1,1.518164842338581e-05,0.0006013229104028864
44,test_shuffle_bn_order,Establish Foothold,Establish Foothold,Benign,6,9.108989054031487e-05,0.0036079374624173183
44,test_shuffle_bn_order,Establish Foothold,Lateral Movement,Benign,1,1.518164842338581e-05,0.0006013229104028864
44,test_shuffle_bn_order,Establish Foothold,Data Exfiltration,Benign,4,6.072659369354324e-05,0.0024052916416115455
44,test_shuffle_bn_order,Establish Foothold,Data Exfiltration,Establish Foothold,3,4.554494527015743e-05,0.0018039687312086591
44,test_shuffle_bn_order,Lateral Movement,Benign,Benign,4,6.072659369354324e-05,0.0024052916416115455
44,test_shuffle_bn_order,Lateral Movement,Reconnaissance,Benign,4,6.072659369354324e-05,0.0024052916416115455
44,test_shuffle_bn_order,Lateral Movement,Reconnaissance,Lateral Movement,5,7.590824211692905e-05,0.003006614552014432
44,test_shuffle_bn_order,Lateral Movement,Lateral Movement,Benign,6,9.108989054031487e-05,0.0036079374624173183
44,test_shuffle_bn_order,Lateral Movement,Lateral Movement,Lateral Movement,1,1.518164842338581e-05,0.0006013229104028864
44,test_shuffle_bn_order,Lateral Movement,Data Exfiltration,Benign,1,1.518164842338581e-05,0.0006013229104028864
45,test,Benign,Benign,Benign,41,0.0006224475853588183,0.009221772379667117
45,test,Benign,Benign,Data Exfiltration,194,0.0029452397941368475,0.04363472784525416
45,test,Benign,Reconnaissance,Benign,549,0.00833472498443881,0.12348178137651822
45,test,Benign,Reconnaissance,Reconnaissance,2319,0.0352062426938317,0.5215924426450742
45,test,Benign,Reconnaissance,Lateral Movement,1,1.518164842338581e-05,0.0002249212775528565
45,test,Benign,Reconnaissance,Data Exfiltration,47,0.0007135374758991331,0.010571300044984255
45,test,Benign,Establish Foothold,Benign,7,0.00010627153896370068,0.0015744489428699954
45,test,Benign,Lateral Movement,Benign,42,0.0006376292337822041,0.009446693657219974
45,test,Benign,Data Exfiltration,Benign,33,0.0005009943979717318,0.007422402159244264
45,test,Benign,Data Exfiltration,Reconnaissance,3,4.554494527015743e-05,0.0006747638326585695
45,test,Benign,Data Exfiltration,Establish Foothold,2,3.036329684677162e-05,0.000449842555105713
45,test,Benign,Data Exfiltration,Lateral Movement,2,3.036329684677162e-05,0.000449842555105713
45,test,Benign,Data Exfiltration,Data Exfiltration,400,0.006072659369354324,0.0899685110211426
45,test,Reconnaissance,Benign,Benign,11,0.00016699813265724393,0.0024741340530814214
45,test,Reconnaissance,Reconnaissance,Benign,54,0.0008198090148628338,0.012145748987854251
45,test,Reconnaissance,Reconnaissance,Reconnaissance,167,0.0025353352867054303,0.037561853351327036
45,test,Reconnaissance,Reconnaissance,Lateral Movement,2,3.036329684677162e-05,0.000449842555105713
45,test,Reconnaissance,Lateral Movement,Benign,9,0.0001366348358104723,0.0020242914979757085
45,test,Reconnaissance,Data Exfiltration,Benign,24,0.00036435956216125946,0.005398110661268556
45,test,Reconnaissance,Data Exfiltration,Establish Foothold,1,1.518164842338581e-05,0.0002249212775528565
45,test,Reconnaissance,Data Exfiltration,Data Exfiltration,218,0.0033095993562981068,0.049032838506522715
45,test,Establish Foothold,Benign,Benign,10,0.0001518164842338581,0.002249212775528565
45,test,Establish Foothold,Benign,Establish Foothold,1,1.518164842338581e-05,0.0002249212775528565
45,test,Establish Foothold,Establish Foothold,Benign,5,7.590824211692905e-05,0.0011246063877642825
45,test,Establish Foothold,Establish Foothold,Establish Foothold,2,3.036329684677162e-05,0.000449842555105713
45,test,Establish Foothold,Data Exfiltration,Benign,1,1.518164842338581e-05,0.0002249212775528565
45,test,Establish Foothold,Data Exfiltration,Establish Foothold,62,0.0009412622022499203,0.013945119208277103
45,test,Establish Foothold,Data Exfiltration,Data Exfiltration,9,0.0001366348358104723,0.0020242914979757085
45,test,Lateral Movement,Benign,Benign,33,0.0005009943979717318,0.007422402159244264
45,test,Lateral Movement,Benign,Lateral Movement,1,1.518164842338581e-05,0.0002249212775528565
45,test,Lateral Movement,Reconnaissance,Benign,1,1.518164842338581e-05,0.0002249212775528565
45,test,Lateral Movement,Reconnaissance,Reconnaissance,1,1.518164842338581e-05,0.0002249212775528565
45,test,Lateral Movement,Reconnaissance,Lateral Movement,117,0.00177625286553614,0.02631578947368421
45,test,Lateral Movement,Lateral Movement,Benign,54,0.0008198090148628338,0.012145748987854251
45,test,Lateral Movement,Lateral Movement,Lateral Movement,3,4.554494527015743e-05,0.0006747638326585695
45,test,Lateral Movement,Data Exfiltration,Benign,20,0.0003036329684677162,0.00449842555105713
45,test_shuffle_bn_order,Benign,Benign,Benign,65,0.0009868071475200777,0.019596020500452217
45,test_shuffle_bn_order,Benign,Benign,Reconnaissance,1,1.518164842338581e-05,0.00030147723846849563
45,test_shuffle_bn_order,Benign,Benign,Establish Foothold,1,1.518164842338581e-05,0.00030147723846849563
45,test_shuffle_bn_order,Benign,Benign,Data Exfiltration,68,0.0010323520927902352,0.020500452215857702
45,test_shuffle_bn_order,Benign,Reconnaissance,Benign,286,0.004341951449088342,0.08622249020198974
45,test_shuffle_bn_order,Benign,Reconnaissance,Reconnaissance,1589,0.024123639344760053,0.47904733192643956
45,test_shuffle_bn_order,Benign,Reconnaissance,Lateral Movement,1,1.518164842338581e-05,0.00030147723846849563
45,test_shuffle_bn_order,Benign,Reconnaissance,Data Exfiltration,29,0.00044026780427818853,0.008742839915586373
45,test_shuffle_bn_order,Benign,Establish Foothold,Benign,6,9.108989054031487e-05,0.0018088634308109737
45,test_shuffle_bn_order,Benign,Establish Foothold,Establish Foothold,1,1.518164842338581e-05,0.00030147723846849563
45,test_shuffle_bn_order,Benign,Lateral Movement,Benign,10,0.0001518164842338581,0.0030147723846849564
45,test_shuffle_bn_order,Benign,Data Exfiltration,Benign,23,0.00034917791373787366,0.006933976484775399
45,test_shuffle_bn_order,Benign,Data Exfiltration,Reconnaissance,2,3.036329684677162e-05,0.0006029544769369913
45,test_shuffle_bn_order,Benign,Data Exfiltration,Lateral Movement,2,3.036329684677162e-05,0.0006029544769369913
45,test_shuffle_bn_order,Benign,Data Exfiltration,Data Exfiltration,543,0.008243635093898496,0.16370214048839313
45,test_shuffle_bn_order,Reconnaissance,Benign,Data Exfiltration,4,6.072659369354324e-05,0.0012059089538739825
45,test_shuffle_bn_order,Reconnaissance,Reconnaissance,Benign,98,0.0014878015454918095,0.02954476936991257
45,test_shuffle_bn_order,Reconnaissance,Reconnaissance,Reconnaissance,167,0.0025353352867054303,0.05034669882423877
45,test_shuffle_bn_order,Reconnaissance,Reconnaissance,Establish Foothold,1,1.518164842338581e-05,0.00030147723846849563
45,test_shuffle_bn_order,Reconnaissance,Reconnaissance,Lateral Movement,2,3.036329684677162e-05,0.0006029544769369913
45,test_shuffle_bn_order,Reconnaissance,Reconnaissance,Data Exfiltration,40,0.0006072659369354324,0.012059089538739826
45,test_shuffle_bn_order,Reconnaissance,Data Exfiltration,Data Exfiltration,174,0.002641606825669131,0.05245703949351824
45,test_shuffle_bn_order,Establish Foothold,Benign,Benign,2,3.036329684677162e-05,0.0006029544769369913
45,test_shuffle_bn_order,Establish Foothold,Benign,Establish Foothold,1,1.518164842338581e-05,0.00030147723846849563
45,test_shuffle_bn_order,Establish Foothold,Establish Foothold,Benign,10,0.0001518164842338581,0.0030147723846849564
45,test_shuffle_bn_order,Establish Foothold,Establish Foothold,Establish Foothold,1,1.518164842338581e-05,0.00030147723846849563
45,test_shuffle_bn_order,Establish Foothold,Establish Foothold,Data Exfiltration,1,1.518164842338581e-05,0.00030147723846849563
45,test_shuffle_bn_order,Establish Foothold,Data Exfiltration,Benign,4,6.072659369354324e-05,0.0012059089538739825
45,test_shuffle_bn_order,Establish Foothold,Data Exfiltration,Establish Foothold,63,0.0009564438506733061,0.018993066023515224
45,test_shuffle_bn_order,Establish Foothold,Data Exfiltration,Data Exfiltration,8,0.00012145318738708648,0.002411817907747965
45,test_shuffle_bn_order,Lateral Movement,Benign,Benign,12,0.00018217978108062973,0.0036177268616219473
45,test_shuffle_bn_order,Lateral Movement,Reconnaissance,Benign,11,0.00016699813265724393,0.003316249623153452
45,test_shuffle_bn_order,Lateral Movement,Reconnaissance,Lateral Movement,2,3.036329684677162e-05,0.0006029544769369913
45,test_shuffle_bn_order,Lateral Movement,Establish Foothold,Benign,1,1.518164842338581e-05,0.00030147723846849563
45,test_shuffle_bn_order,Lateral Movement,Lateral Movement,Benign,56,0.0008501723117096055,0.016882725354235757
45,test_shuffle_bn_order,Lateral Movement,Lateral Movement,Reconnaissance,1,1.518164842338581e-05,0.00030147723846849563
45,test_shuffle_bn_order,Lateral Movement,Lateral Movement,Lateral Movement,3,4.554494527015743e-05,0.0009044317154054868
45,test_shuffle_bn_order,Lateral Movement,Data Exfiltration,Benign,28,0.0004250861558548027,0.008441362677117878
46,test,Benign,Benign,Benign,25,0.00037954121058464527,0.008512087163772558
46,test,Benign,Benign,Lateral Movement,1,1.518164842338581e-05,0.00034048348655090226
46,test,Benign,Benign,Data Exfiltration,2,3.036329684677162e-05,0.0006809669731018045
46,test,Benign,Reconnaissance,Benign,299,0.004539312878592358,0.10180456247871979
46,test,Benign,Reconnaissance,Reconnaissance,2054,0.031183105861634457,0.6993530813755533
46,test,Benign,Reconnaissance,Lateral Movement,4,6.072659369354324e-05,0.001361933946203609
46,test,Benign,Reconnaissance,Data Exfiltration,13,0.00019736142950401553,0.004426285325161729
46,test,Benign,Establish Foothold,Benign,3,4.554494527015743e-05,0.0010214504596527069
46,test,Benign,Establish Foothold,Establish Foothold,1,1.518164842338581e-05,0.00034048348655090226
46,test,Benign,Establish Foothold,Data Exfiltration,1,1.518164842338581e-05,0.00034048348655090226
46,test,Benign,Lateral Movement,Benign,20,0.0003036329684677162,0.0068096697310180455
46,test,Benign,Data Exfiltration,Benign,10,0.0001518164842338581,0.0034048348655090228
46,test,Benign,Data Exfiltration,Reconnaissance,1,1.518164842338581e-05,0.00034048348655090226
46,test,Benign,Data Exfiltration,Data Exfiltration,3,4.554494527015743e-05,0.0010214504596527069
46,test,Reconnaissance,Benign,Benign,11,0.00016699813265724393,0.003745318352059925
46,test,Reconnaissance,Reconnaissance,Benign,61,0.0009260805538265345,0.02076949267960504
46,test,Reconnaissance,Reconnaissance,Reconnaissance,3,4.554494527015743e-05,0.0010214504596527069
46,test,Reconnaissance,Reconnaissance,Establish Foothold,1,1.518164842338581e-05,0.00034048348655090226
46,test,Reconnaissance,Reconnaissance,Lateral Movement,3,4.554494527015743e-05,0.0010214504596527069
46,test,Reconnaissance,Reconnaissance,Data Exfiltration,23,0.00034917791373787366,0.007831120190670752
46,test,Reconnaissance,Lateral Movement,Benign,3,4.554494527015743e-05,0.0010214504596527069
46,test,Reconnaissance,Data Exfiltration,Benign,11,0.00016699813265724393,0.003745318352059925
46,test,Reconnaissance,Data Exfiltration,Data Exfiltration,321,0.004873309143906846,0.10929519918283963
46,test,Establish Foothold,Benign,Benign,2,3.036329684677162e-05,0.0006809669731018045
46,test,Establish Foothold,Establish Foothold,Benign,5,7.590824211692905e-05,0.0017024174327545114
46,test,Establish Foothold,Establish Foothold,Establish Foothold,3,4.554494527015743e-05,0.0010214504596527069
46,test,Establish Foothold,Data Exfiltration,Benign,1,1.518164842338581e-05,0.00034048348655090226
46,test,Establish Foothold,Data Exfiltration,Establish Foothold,3,4.554494527015743e-05,0.0010214504596527069
46,test,Establish Foothold,Data Exfiltration,Data Exfiltration,1,1.518164842338581e-05,0.00034048348655090226
46,test,Lateral Movement,Benign,Benign,6,9.108989054031487e-05,0.0020429009193054137
46,test,Lateral Movement,Benign,Data Exfiltration,1,1.518164842338581e-05,0.00034048348655090226
46,test,Lateral Movement,Reconnaissance,Benign,1,1.518164842338581e-05,0.00034048348655090226
46,test,Lateral Movement,Reconnaissance,Reconnaissance,4,6.072659369354324e-05,0.001361933946203609
46,test,Lateral Movement,Reconnaissance,Lateral Movement,7,0.00010627153896370068,0.002383384405856316
46,test,Lateral Movement,Establish Foothold,Benign,1,1.518164842338581e-05,0.00034048348655090226
46,test,Lateral Movement,Lateral Movement,Benign,12,0.00018217978108062973,0.0040858018386108275
46,test,Lateral Movement,Data Exfiltration,Benign,14,0.00021254307792740136,0.004766768811712632
46,test,Lateral Movement,Data Exfiltration,Data Exfiltration,2,3.036329684677162e-05,0.0006809669731018045
46,test_shuffle_bn_order,Benign,Benign,Benign,17,0.0002580880231975588,0.012151536812008578
46,test_shuffle_bn_order,Benign,Benign,Reconnaissance,34,0.0005161760463951176,0.024303073624017155
46,test_shuffle_bn_order,Benign,Benign,Establish Foothold,1,1.518164842338581e-05,0.0007147962830593281
46,test_shuffle_bn_order,Benign,Benign,Data Exfiltration,1,1.518164842338581e-05,0.0007147962830593281
46,test_shuffle_bn_order,Benign,Reconnaissance,Benign,190,0.0028845132004433043,0.13581129378127232
46,test_shuffle_bn_order,Benign,Reconnaissance,Reconnaissance,599,0.009093807405608102,0.4281629735525375
46,test_shuffle_bn_order,Benign,Reconnaissance,Data Exfiltration,27,0.0004099045074314169,0.01929949964260186
46,test_shuffle_bn_order,Benign,Establish Foothold,Benign,2,3.036329684677162e-05,0.0014295925661186562
46,test_shuffle_bn_order,Benign,Establish Foothold,Lateral Movement,1,1.518164842338581e-05,0.0007147962830593281
46,test_shuffle_bn_order,Benign,Lateral Movement,Benign,11,0.00016699813265724393,0.007862759113652609
46,test_shuffle_bn_order,Benign,Data Exfiltration,Benign,14,0.00021254307792740136,0.010007147962830594
46,test_shuffle_bn_order,Benign,Data Exfiltration,Data Exfiltration,5,7.590824211692905e-05,0.0035739814152966403
46,test_shuffle_bn_order,Reconnaissance,Reconnaissance,Benign,86,0.0013056217644111798,0.061472480343102216
46,test_shuffle_bn_order,Reconnaissance,Reconnaissance,Reconnaissance,3,4.554494527015743e-05,0.002144388849177984
46,test_shuffle_bn_order,Reconnaissance,Reconnaissance,Establish Foothold,1,1.518164842338581e-05,0.0007147962830593281
46,test_shuffle_bn_order,Reconnaissance,Reconnaissance,Lateral Movement,3,4.554494527015743e-05,0.002144388849177984
46,test_shuffle_bn_order,Reconnaissance,Reconnaissance,Data Exfiltration,344,0.005222487057644719,0.24588992137240887
46,test_shuffle_bn_order,Establish Foothold,Benign,Establish Foothold,1,1.518164842338581e-05,0.0007147962830593281
46,test_shuffle_bn_order,Establish Foothold,Establish Foothold,Benign,7,0.00010627153896370068,0.005003573981415297
46,test_shuffle_bn_order,Establish Foothold,Establish Foothold,Establish Foothold,2,3.036329684677162e-05,0.0014295925661186562
46,test_shuffle_bn_order,Establish Foothold,Data Exfiltration,Benign,1,1.518164842338581e-05,0.0007147962830593281
46,test_shuffle_bn_order,Establish Foothold,Data Exfiltration,Establish Foothold,3,4.554494527015743e-05,0.002144388849177984
46,test_shuffle_bn_order,Establish Foothold,Data Exfiltration,Data Exfiltration,1,1.518164842338581e-05,0.0007147962830593281
46,test_shuffle_bn_order,Lateral Movement,Benign,Benign,3,4.554494527015743e-05,0.002144388849177984
46,test_shuffle_bn_order,Lateral Movement,Reconnaissance,Benign,7,0.00010627153896370068,0.005003573981415297
46,test_shuffle_bn_order,Lateral Movement,Reconnaissance,Reconnaissance,3,4.554494527015743e-05,0.002144388849177984
46,test_shuffle_bn_order,Lateral Movement,Reconnaissance,Lateral Movement,4,6.072659369354324e-05,0.0028591851322373124
46,test_shuffle_bn_order,Lateral Movement,Establish Foothold,Data Exfiltration,3,4.554494527015743e-05,0.002144388849177984
46,test_shuffle_bn_order,Lateral Movement,Lateral Movement,Benign,15,0.00022772472635078716,0.010721944245889922
46,test_shuffle_bn_order,Lateral Movement,Lateral Movement,Reconnaissance,1,1.518164842338581e-05,0.0007147962830593281
46,test_shuffle_bn_order,Lateral Movement,Data Exfiltration,Benign,9,0.0001366348358104723,0.006433166547533953
47,test,Benign,Benign,Benign,24,0.00036435956216125946,0.00717060053779504
47,test,Benign,Benign,Lateral Movement,1,1.518164842338581e-05,0.00029877502240812666
47,test,Benign,Benign,Data Exfiltration,13,0.00019736142950401553,0.003884075291305647
47,test,Benign,Reconnaissance,Benign,256,0.0038865019963867675,0.07648640573648043
47,test,Benign,Reconnaissance,Reconnaissance,2483,0.03769603303526697,0.7418583806393786
47,test,Benign,Reconnaissance,Lateral Movement,1,1.518164842338581e-05,0.00029877502240812666
47,test,Benign,Reconnaissance,Data Exfiltration,13,0.00019736142950401553,0.003884075291305647
47,test,Benign,Establish Foothold,Benign,2,3.036329684677162e-05,0.0005975500448162533
47,test,Benign,Establish Foothold,Reconnaissance,1,1.518164842338581e-05,0.00029877502240812666
47,test,Benign,Lateral Movement,Benign,17,0.0002580880231975588,0.005079175380938153
47,test,Benign,Data Exfiltration,Benign,19,0.0002884513200443304,0.005676725425754407
47,test,Benign,Data Exfiltration,Data Exfiltration,456,0.00692283168106393,0.13624141021810576
47,test,Reconnaissance,Benign,Benign,1,1.518164842338581e-05,0.00029877502240812666
47,test,Reconnaissance,Reconnaissance,Benign,9,0.0001366348358104723,0.00268897520167314
47,test,Reconnaissance,Reconnaissance,Reconnaissance,4,6.072659369354324e-05,0.0011951000896325067
47,test,Reconnaissance,Reconnaissance,Lateral Movement,2,3.036329684677162e-05,0.0005975500448162533
47,test,Reconnaissance,Lateral Movement,Benign,4,6.072659369354324e-05,0.0011951000896325067
47,test,Reconnaissance,Data Exfiltration,Benign,5,7.590824211692905e-05,0.0014938751120406335
47,test,Establish Foothold,Benign,Benign,3,4.554494527015743e-05,0.00089632506722438
47,test,Establish Foothold,Benign,Establish Foothold,1,1.518164842338581e-05,0.00029877502240812666
47,test,Establish Foothold,Establish Foothold,Benign,5,7.590824211692905e-05,0.0014938751120406335
47,test,Establish Foothold,Lateral Movement,Data Exfiltration,2,3.036329684677162e-05,0.0005975500448162533
47,test,Establish Foothold,Data Exfiltration,Benign,2,3.036329684677162e-05,0.0005975500448162533
47,test,Establish Foothold,Data Exfiltration,Establish Foothold,2,3.036329684677162e-05,0.0005975500448162533
47,test,Establish Foothold,Data Exfiltration,Data Exfiltration,1,1.518164842338581e-05,0.00029877502240812666
47,test,Lateral Movement,Benign,Benign,3,4.554494527015743e-05,0.00089632506722438
47,test,Lateral Movement,Benign,Lateral Movement,1,1.518164842338581e-05,0.00029877502240812666
47,test,Lateral Movement,Reconnaissance,Benign,1,1.518164842338581e-05,0.00029877502240812666
47,test,Lateral Movement,Reconnaissance,Lateral Movement,7,0.00010627153896370068,0.002091425156856887
47,test,Lateral Movement,Lateral Movement,Benign,5,7.590824211692905e-05,0.0014938751120406335
47,test,Lateral Movement,Lateral Movement,Lateral Movement,1,1.518164842338581e-05,0.00029877502240812666
47,test,Lateral Movement,Data Exfiltration,Benign,2,3.036329684677162e-05,0.0005975500448162533
47,test_shuffle_bn_order,Benign,Benign,Benign,31,0.00047063110112496013,0.01390134529147982
47,test_shuffle_bn_order,Benign,Benign,Data Exfiltration,195,0.0029604214425602332,0.08744394618834081
47,test_shuffle_bn_order,Benign,Reconnaissance,Benign,156,0.0023683371540481864,0.06995515695067264
47,test_shuffle_bn_order,Benign,Reconnaissance,Reconnaissance,1492,0.02265101944769163,0.6690582959641256
47,test_shuffle_bn_order,Benign,Reconnaissance,Data Exfiltration,273,0.004144590019584326,0.12242152466367713
47,test_shuffle_bn_order,Benign,Establish Foothold,Benign,1,1.518164842338581e-05,0.0004484304932735426
47,test_shuffle_bn_order,Benign,Lateral Movement,Benign,11,0.00016699813265724393,0.004932735426008968
47,test_shuffle_bn_order,Benign,Lateral Movement,Lateral Movement,1,1.518164842338581e-05,0.0004484304932735426
47,test_shuffle_bn_order,Benign,Data Exfiltration,Benign,3,4.554494527015743e-05,0.0013452914798206279
47,test_shuffle_bn_order,Benign,Data Exfiltration,Reconnaissance,1,1.518164842338581e-05,0.0004484304932735426
47,test_shuffle_bn_order,Benign,Data Exfiltration,Data Exfiltration,9,0.0001366348358104723,0.004035874439461884
47,test_shuffle_bn_order,Reconnaissance,Reconnaissance,Benign,19,0.0002884513200443304,0.008520179372197309
47,test_shuffle_bn_order,Reconnaissance,Reconnaissance,Reconnaissance,4,6.072659369354324e-05,0.0017937219730941704
47,test_shuffle_bn_order,Reconnaissance,Reconnaissance,Lateral Movement,2,3.036329684677162e-05,0.0008968609865470852
47,test_shuffle_bn_order,Establish Foothold,Benign,Benign,4,6.072659369354324e-05,0.0017937219730941704
47,test_shuffle_bn_order,Establish Foothold,Benign,Data Exfiltration,1,1.518164842338581e-05,0.0004484304932735426
47,test_shuffle_bn_order,Establish Foothold,Establish Foothold,Benign,2,3.036329684677162e-05,0.0008968609865470852
47,test_shuffle_bn_order,Establish Foothold,Lateral Movement,Benign,1,1.518164842338581e-05,0.0004484304932735426
47,test_shuffle_bn_order,Establish Foothold,Lateral Movement,Data Exfiltration,2,3.036329684677162e-05,0.0008968609865470852
47,test_shuffle_bn_order,Establish Foothold,Data Exfiltration,Benign,3,4.554494527015743e-05,0.0013452914798206279
47,test_shuffle_bn_order,Establish Foothold,Data Exfiltration,Establish Foothold,3,4.554494527015743e-05,0.0013452914798206279
47,test_shuffle_bn_order,Lateral Movement,Reconnaissance,Benign,3,4.554494527015743e-05,0.0013452914798206279
47,test_shuffle_bn_order,Lateral Movement,Reconnaissance,Lateral Movement,3,4.554494527015743e-05,0.0013452914798206279
47,test_shuffle_bn_order,Lateral Movement,Lateral Movement,Benign,7,0.00010627153896370068,0.003139013452914798
47,test_shuffle_bn_order,Lateral Movement,Lateral Movement,Lateral Movement,2,3.036329684677162e-05,0.0008968609865470852
47,test_shuffle_bn_order,Lateral Movement,Data Exfiltration,Benign,1,1.518164842338581e-05,0.0004484304932735426
48,test,Benign,Benign,Benign,146,0.0022165206698143286,0.022905553812362724
48,test,Benign,Benign,Reconnaissance,7,0.00010627153896370068,0.0010982114841543772
48,test,Benign,Benign,Establish Foothold,1,1.518164842338581e-05,0.00015688735487919673
48,test,Benign,Benign,Data Exfiltration,1,1.518164842338581e-05,0.00015688735487919673
48,test,Benign,Reconnaissance,Benign,238,0.0036132323247658233,0.037339190461248825
48,test,Benign,Reconnaissance,Reconnaissance,1801,0.027342148810517847,0.2825541261374333
48,test,Benign,Reconnaissance,Lateral Movement,4,6.072659369354324e-05,0.0006275494195167869
48,test,Benign,Establish Foothold,Benign,18,0.0002732696716209446,0.0028239723878255413
48,test,Benign,Lateral Movement,Benign,43,0.0006528108822055899,0.00674615625980546
48,test,Benign,Lateral Movement,Data Exfiltration,1,1.518164842338581e-05,0.00015688735487919673
48,test,Benign,Data Exfiltration,Benign,52,0.0007894457180160621,0.00815814245371823
48,test,Reconnaissance,Benign,Benign,11,0.00016699813265724393,0.0017257609036711642
48,test,Reconnaissance,Reconnaissance,Benign,69,0.0010475337412136209,0.010825227486664575
48,test,Reconnaissance,Reconnaissance,Reconnaissance,784,0.011902412363934476,0.12299968622529024
48,test,Reconnaissance,Reconnaissance,Lateral Movement,2,3.036329684677162e-05,0.00031377470975839345
48,test,Reconnaissance,Reconnaissance,Data Exfiltration,157,0.0023835188024715725,0.024631314716033886
48,test,Reconnaissance,Lateral Movement,Benign,2,3.036329684677162e-05,0.00031377470975839345
48,test,Reconnaissance,Data Exfiltration,Benign,28,0.0004250861558548027,0.004392845936617509
48,test,Reconnaissance,Data Exfiltration,Lateral Movement,3,4.554494527015743e-05,0.0004706620646375902
48,test,Reconnaissance,Data Exfiltration,Data Exfiltration,397,0.006027114424084167,0.062284279887041105
48,test,Establish Foothold,Benign,Benign,69,0.0010475337412136209,0.010825227486664575
48,test,Establish Foothold,Benign,Establish Foothold,2,3.036329684677162e-05,0.00031377470975839345
48,test,Establish Foothold,Reconnaissance,Benign,2,3.036329684677162e-05,0.00031377470975839345
48,test,Establish Foothold,Reconnaissance,Establish Foothold,2,3.036329684677162e-05,0.00031377470975839345
48,test,Establish Foothold,Establish Foothold,Benign,22,0.00033399626531448786,0.0034515218073423283
48,test,Establish Foothold,Establish Foothold,Establish Foothold,1740,0.02641606825669131,0.27298399748980234
48,test,Establish Foothold,Establish Foothold,Data Exfiltration,39,0.0005920842885120466,0.006118606840288672
48,test,Establish Foothold,Lateral Movement,Benign,6,9.108989054031487e-05,0.0009413241292751804
48,test,Establish Foothold,Lateral Movement,Establish Foothold,1,1.518164842338581e-05,0.00015688735487919673
48,test,Establish Foothold,Data Exfiltration,Benign,42,0.0006376292337822041,0.006589268904926263
48,test,Establish Foothold,Data Exfiltration,Establish Foothold,532,0.008076636961241251,0.08346407279573266
48,test,Establish Foothold,Data Exfiltration,Data Exfiltration,18,0.0002732696716209446,0.0028239723878255413
48,test,Lateral Movement,Benign,Benign,18,0.0002732696716209446,0.0028239723878255413
48,test,Lateral Movement,Benign,Data Exfiltration,1,1.518164842338581e-05,0.00015688735487919673
48,test,Lateral Movement,Reconnaissance,Benign,3,4.554494527015743e-05,0.0004706620646375902
48,test,Lateral Movement,Reconnaissance,Reconnaissance,1,1.518164842338581e-05,0.00015688735487919673
48,test,Lateral Movement,Reconnaissance,Lateral Movement,5,7.590824211692905e-05,0.0007844367743959837
48,test,Lateral Movement,Reconnaissance,Data Exfiltration,2,3.036329684677162e-05,0.00031377470975839345
48,test,Lateral Movement,Establish Foothold,Benign,5,7.590824211692905e-05,0.0007844367743959837
48,test,Lateral Movement,Lateral Movement,Benign,80,0.0012145318738708648,0.012550988390335738
48,test,Lateral Movement,Lateral Movement,Establish Foothold,3,4.554494527015743e-05,0.0004706620646375902
48,test,Lateral Movement,Lateral Movement,Lateral Movement,3,4.554494527015743e-05,0.0004706620646375902
48,test,Lateral Movement,Data Exfiltration,Benign,13,0.00019736142950401553,0.0020395356134295575
48,test_shuffle_bn_order,Benign,Benign,Benign,235,0.0035676873794956657,0.04113425520742167
48,test_shuffle_bn_order,Benign,Benign,Reconnaissance,50,0.0007590824211692905,0.00875196919306844
48,test_shuffle_bn_order,Benign,Benign,Establish Foothold,1,1.518164842338581e-05,0.00017503938386136881
48,test_shuffle_bn_order,Benign,Benign,Lateral Movement,1,1.518164842338581e-05,0.00017503938386136881
48,test_shuffle_bn_order,Benign,Benign,Data Exfiltration,2,3.036329684677162e-05,0.00035007876772273763
48,test_shuffle_bn_order,Benign,Reconnaissance,Benign,169,0.002565698583552202,0.02958165587257133
48,test_shuffle_bn_order,Benign,Reconnaissance,Reconnaissance,1167,0.01771698371009124,0.20427096096621739
48,test_shuffle_bn_order,Benign,Reconnaissance,Lateral Movement,3,4.554494527015743e-05,0.0005251181515841065
48,test_shuffle_bn_order,Benign,Establish Foothold,Benign,3,4.554494527015743e-05,0.0005251181515841065
48,test_shuffle_bn_order,Benign,Lateral Movement,Benign,5,7.590824211692905e-05,0.000875196919306844
48,test_shuffle_bn_order,Benign,Data Exfiltration,Benign,16,0.00024290637477417297,0.002800630141781901
48,test_shuffle_bn_order,Reconnaissance,Benign,Benign,1,1.518164842338581e-05,0.00017503938386136881
48,test_shuffle_bn_order,Reconnaissance,Reconnaissance,Benign,109,0.0016547996781490534,0.0190792928408892
48,test_shuffle_bn_order,Reconnaissance,Reconnaissance,Reconnaissance,784,0.011902412363934476,0.13723087694731315
48,test_shuffle_bn_order,Reconnaissance,Reconnaissance,Lateral Movement,5,7.590824211692905e-05,0.000875196919306844
48,test_shuffle_bn_order,Reconnaissance,Reconnaissance,Data Exfiltration,554,0.00841063322655574,0.09697181865919832
48,test_shuffle_bn_order,Establish Foothold,Benign,Benign,23,0.00034917791373787366,0.004025905828811483
48,test_shuffle_bn_order,Establish Foothold,Establish Foothold,Benign,41,0.0006224475853588183,0.007176614738316121
48,test_shuffle_bn_order,Establish Foothold,Establish Foothold,Establish Foothold,1567,0.023789643079445567,0.2742867145107649
48,test_shuffle_bn_order,Establish Foothold,Establish Foothold,Data Exfiltration,19,0.0002884513200443304,0.003325748293366007
48,test_shuffle_bn_order,Establish Foothold,Lateral Movement,Benign,5,7.590824211692905e-05,0.000875196919306844
48,test_shuffle_bn_order,Establish Foothold,Lateral Movement,Establish Foothold,2,3.036329684677162e-05,0.00035007876772273763
48,test_shuffle_bn_order,Establish Foothold,Data Exfiltration,Benign,72,0.0010930786864837784,0.012602835638018554
48,test_shuffle_bn_order,Establish Foothold,Data Exfiltration,Establish Foothold,708,0.010748607083757154,0.12392788377384911
48,test_shuffle_bn_order,Establish Foothold,Data Exfiltration,Data Exfiltration,38,0.0005769026400886608,0.006651496586732014
48,test_shuffle_bn_order,Lateral Movement,Benign,Benign,32,0.00048581274954834593,0.005601260283563802
48,test_shuffle_bn_order,Lateral Movement,Benign,Reconnaissance,1,1.518164842338581e-05,0.00017503938386136881
48,test_shuffle_bn_order,Lateral Movement,Reconnaissance,Benign,4,6.072659369354324e-05,0.0007001575354454753
48,test_shuffle_bn_order,Lateral Movement,Reconnaissance,Lateral Movement,5,7.590824211692905e-05,0.000875196919306844
48,test_shuffle_bn_order,Lateral Movement,Establish Foothold,Benign,3,4.554494527015743e-05,0.0005251181515841065
48,test_shuffle_bn_order,Lateral Movement,Lateral Movement,Benign,76,0.0011538052801773216,0.013302993173464029
48,test_shuffle_bn_order,Lateral Movement,Lateral Movement,Establish Foothold,3,4.554494527015743e-05,0.0005251181515841065
48,test_shuffle_bn_order,Lateral Movement,Lateral Movement,Lateral Movement,2,3.036329684677162e-05,0.00035007876772273763
48,test_shuffle_bn_order,Lateral Movement,Lateral Movement,Data Exfiltration,3,4.554494527015743e-05,0.0005251181515841065
48,test_shuffle_bn_order,Lateral Movement,Data Exfiltration,Benign,3,4.554494527015743e-05,0.0005251181515841065
48,test_shuffle_bn_order,Lateral Movement,Data Exfiltration,Lateral Movement,1,1.518164842338581e-05,0.00017503938386136881
