model,split_role,dataset,row_key,threshold,k2_correct,k8_correct,k2_margin,router_decision,router_correct,router_tokens,k2_tokens,k8_tokens,oracle_correct,oracle_tokens
deepseek_r1_distill_qwen_7b,validation_policy_selection,gsm8k,gsm8k:test:36,1.001,False,False,0.0,ESCALATE_TO_K8,False,2287,572,2287,False,286
deepseek_r1_distill_qwen_7b,validation_policy_selection,gsm8k,gsm8k:test:50,1.001,False,False,0.0,ESCALATE_TO_K8,False,2229,557,2229,False,279
deepseek_r1_distill_qwen_7b,validation_policy_selection,gsm8k,gsm8k:test:57,1.001,False,False,0.0,ESCALATE_TO_K8,False,2552,638,2552,False,319
deepseek_r1_distill_qwen_7b,validation_policy_selection,gsm8k,gsm8k:test:62,1.001,False,False,0.0,ESCALATE_TO_K8,False,2479,620,2479,False,310
deepseek_r1_distill_qwen_7b,validation_policy_selection,gsm8k,gsm8k:test:64,1.001,False,False,0.0,ESCALATE_TO_K8,False,2644,670,2644,False,335
deepseek_r1_distill_qwen_7b,validation_policy_selection,gsm8k,gsm8k:test:91,1.001,False,False,0.0,ESCALATE_TO_K8,False,2223,556,2223,False,278
deepseek_r1_distill_qwen_7b,validation_policy_selection,gsm8k,gsm8k:test:96,1.001,False,False,0.0,ESCALATE_TO_K8,False,2187,548,2187,False,274
deepseek_r1_distill_qwen_7b,validation_policy_selection,gsm8k,gsm8k:test:98,1.001,False,False,0.0,ESCALATE_TO_K8,False,2704,676,2704,False,338
deepseek_r1_distill_qwen_7b,validation_policy_selection,gsm8k,gsm8k:test:111,1.001,False,False,0.0,ESCALATE_TO_K8,False,2496,624,2496,False,312
deepseek_r1_distill_qwen_7b,validation_policy_selection,gsm8k,gsm8k:test:114,1.001,False,False,0.0,ESCALATE_TO_K8,False,2584,646,2584,False,323
deepseek_r1_distill_qwen_7b,validation_policy_selection,gsm8k,gsm8k:test:173,1.001,False,False,0.0,ESCALATE_TO_K8,False,2560,640,2560,False,320
deepseek_r1_distill_qwen_7b,validation_policy_selection,gsm8k,gsm8k:test:204,1.001,False,False,0.0,ESCALATE_TO_K8,False,2412,603,2412,False,302
deepseek_r1_distill_qwen_7b,validation_policy_selection,gsm8k,gsm8k:test:205,1.001,False,False,0.0,ESCALATE_TO_K8,False,2631,658,2631,False,329
deepseek_r1_distill_qwen_7b,validation_policy_selection,gsm8k,gsm8k:test:206,1.001,False,False,0.0,ESCALATE_TO_K8,False,2558,638,2558,False,320
deepseek_r1_distill_qwen_7b,validation_policy_selection,gsm8k,gsm8k:test:235,1.001,False,False,0.0,ESCALATE_TO_K8,False,2384,596,2384,False,298
deepseek_r1_distill_qwen_7b,validation_policy_selection,gsm8k,gsm8k:test:236,1.001,False,False,0.0,ESCALATE_TO_K8,False,2407,602,2407,False,301
deepseek_r1_distill_qwen_7b,validation_policy_selection,gsm8k,gsm8k:test:237,1.001,False,True,1.0,ESCALATE_TO_K8,True,1860,450,1860,True,220
deepseek_r1_distill_qwen_7b,validation_policy_selection,gsm8k,gsm8k:test:244,1.001,False,False,0.0,ESCALATE_TO_K8,False,2544,636,2544,False,318
deepseek_r1_distill_qwen_7b,validation_policy_selection,gsm8k,gsm8k:test:253,1.001,False,False,0.0,ESCALATE_TO_K8,False,2237,560,2237,False,279
deepseek_r1_distill_qwen_7b,validation_policy_selection,gsm8k,gsm8k:test:263,1.001,False,False,0.0,ESCALATE_TO_K8,False,2357,590,2357,False,295
deepseek_r1_distill_qwen_7b,validation_policy_selection,gsm8k,gsm8k:test:267,1.001,False,False,0.0,ESCALATE_TO_K8,False,2590,648,2590,False,324
deepseek_r1_distill_qwen_7b,validation_policy_selection,gsm8k,gsm8k:test:276,1.001,False,False,0.0,ESCALATE_TO_K8,False,2480,620,2480,False,310
deepseek_r1_distill_qwen_7b,validation_policy_selection,gsm8k,gsm8k:test:293,1.001,False,False,0.0,ESCALATE_TO_K8,False,2583,645,2583,False,323
deepseek_r1_distill_qwen_7b,validation_policy_selection,gsm8k,gsm8k:test:296,1.001,False,False,0.0,ESCALATE_TO_K8,False,2300,575,2300,False,288
deepseek_r1_distill_qwen_7b,validation_policy_selection,gsm8k,gsm8k:test:305,1.001,False,True,0.0,ESCALATE_TO_K8,True,2054,459,2054,True,2054
deepseek_r1_distill_qwen_7b,validation_policy_selection,gsm8k,gsm8k:test:319,1.001,False,False,0.0,ESCALATE_TO_K8,False,2463,616,2463,False,308
deepseek_r1_distill_qwen_7b,validation_policy_selection,gsm8k,gsm8k:test:331,1.001,False,False,0.0,ESCALATE_TO_K8,False,2783,695,2783,False,348
deepseek_r1_distill_qwen_7b,validation_policy_selection,gsm8k,gsm8k:test:336,1.001,False,False,0.0,ESCALATE_TO_K8,False,2335,584,2335,False,292
deepseek_r1_distill_qwen_7b,validation_policy_selection,gsm8k,gsm8k:test:337,1.001,False,False,0.0,ESCALATE_TO_K8,False,2223,556,2223,False,278
deepseek_r1_distill_qwen_7b,validation_policy_selection,gsm8k,gsm8k:test:360,1.001,False,False,0.0,ESCALATE_TO_K8,False,2215,553,2215,False,277
deepseek_r1_distill_qwen_7b,validation_policy_selection,gsm8k,gsm8k:test:375,1.001,False,False,0.0,ESCALATE_TO_K8,False,2344,586,2344,False,293
deepseek_r1_distill_qwen_7b,validation_policy_selection,gsm8k,gsm8k:test:414,1.001,False,False,0.0,ESCALATE_TO_K8,False,2268,566,2268,False,284
deepseek_r1_distill_qwen_7b,validation_policy_selection,gsm8k,gsm8k:test:429,1.001,False,False,0.0,ESCALATE_TO_K8,False,2279,570,2279,False,284
deepseek_r1_distill_qwen_7b,validation_policy_selection,gsm8k,gsm8k:test:469,1.001,False,False,0.0,ESCALATE_TO_K8,False,2390,598,2390,False,299
deepseek_r1_distill_qwen_7b,validation_policy_selection,gsm8k,gsm8k:test:489,1.001,False,False,0.0,ESCALATE_TO_K8,False,2400,600,2400,False,300
deepseek_r1_distill_qwen_7b,validation_policy_selection,gsm8k,gsm8k:test:507,1.001,False,False,0.0,ESCALATE_TO_K8,False,2247,562,2247,False,281
deepseek_r1_distill_qwen_7b,validation_policy_selection,gsm8k,gsm8k:test:542,1.001,False,False,0.0,ESCALATE_TO_K8,False,2384,596,2384,False,298
deepseek_r1_distill_qwen_7b,validation_policy_selection,gsm8k,gsm8k:test:545,1.001,True,False,0.0,ESCALATE_TO_K8,False,2184,518,2184,True,518
deepseek_r1_distill_qwen_7b,validation_policy_selection,gsm8k,gsm8k:test:557,1.001,False,False,0.0,ESCALATE_TO_K8,False,2222,554,2222,False,278
deepseek_r1_distill_qwen_7b,validation_policy_selection,gsm8k,gsm8k:test:583,1.001,False,False,0.0,ESCALATE_TO_K8,False,2432,608,2432,False,304
mistral_7b_instruct_v0p3,validation_policy_selection,gsm8k,gsm8k:test:36,0.025,False,False,0.0,ESCALATE_TO_K8,False,2316,559,2316,False,296
mistral_7b_instruct_v0p3,validation_policy_selection,gsm8k,gsm8k:test:50,0.025,False,False,0.0,ESCALATE_TO_K8,False,2164,533,2164,False,286
mistral_7b_instruct_v0p3,validation_policy_selection,gsm8k,gsm8k:test:57,0.025,False,False,0.0,ESCALATE_TO_K8,False,2517,598,2517,False,327
mistral_7b_instruct_v0p3,validation_policy_selection,gsm8k,gsm8k:test:62,0.025,False,False,0.0,ESCALATE_TO_K8,False,2526,634,2526,False,317
mistral_7b_instruct_v0p3,validation_policy_selection,gsm8k,gsm8k:test:64,0.025,False,False,0.0,ESCALATE_TO_K8,False,2549,661,2549,False,345
mistral_7b_instruct_v0p3,validation_policy_selection,gsm8k,gsm8k:test:91,0.025,False,False,0.0,ESCALATE_TO_K8,False,2163,573,2163,False,287
mistral_7b_instruct_v0p3,validation_policy_selection,gsm8k,gsm8k:test:96,0.025,False,False,0.0,ESCALATE_TO_K8,False,1311,298,1311,False,136
mistral_7b_instruct_v0p3,validation_policy_selection,gsm8k,gsm8k:test:98,0.025,False,False,0.0,ESCALATE_TO_K8,False,2615,661,2615,False,320
mistral_7b_instruct_v0p3,validation_policy_selection,gsm8k,gsm8k:test:111,0.025,False,False,0.0,ESCALATE_TO_K8,False,2397,640,2397,False,313
mistral_7b_instruct_v0p3,validation_policy_selection,gsm8k,gsm8k:test:114,0.025,False,False,0.0,ESCALATE_TO_K8,False,2686,694,2686,False,347
mistral_7b_instruct_v0p3,validation_policy_selection,gsm8k,gsm8k:test:173,0.025,False,False,0.0,ESCALATE_TO_K8,False,2656,666,2656,False,333
mistral_7b_instruct_v0p3,validation_policy_selection,gsm8k,gsm8k:test:204,0.025,False,False,0.0,ESCALATE_TO_K8,False,2131,574,2131,False,223
mistral_7b_instruct_v0p3,validation_policy_selection,gsm8k,gsm8k:test:205,0.025,False,False,0.0,ESCALATE_TO_K8,False,2695,673,2695,False,337
mistral_7b_instruct_v0p3,validation_policy_selection,gsm8k,gsm8k:test:206,0.025,False,False,0.0,ESCALATE_TO_K8,False,2522,600,2522,False,316
mistral_7b_instruct_v0p3,validation_policy_selection,gsm8k,gsm8k:test:235,0.025,False,False,1.0,STOP_AT_K2,False,570,570,2301,False,308
mistral_7b_instruct_v0p3,validation_policy_selection,gsm8k,gsm8k:test:236,0.025,False,False,0.0,ESCALATE_TO_K8,False,2179,433,2179,False,251
mistral_7b_instruct_v0p3,validation_policy_selection,gsm8k,gsm8k:test:237,0.025,False,False,1.0,STOP_AT_K2,False,353,353,1362,False,170
mistral_7b_instruct_v0p3,validation_policy_selection,gsm8k,gsm8k:test:244,0.025,False,False,0.0,ESCALATE_TO_K8,False,2676,672,2676,False,336
mistral_7b_instruct_v0p3,validation_policy_selection,gsm8k,gsm8k:test:253,0.025,False,False,0.0,ESCALATE_TO_K8,False,1515,455,1515,False,180
mistral_7b_instruct_v0p3,validation_policy_selection,gsm8k,gsm8k:test:263,0.025,False,False,0.0,ESCALATE_TO_K8,False,2271,579,2271,False,306
mistral_7b_instruct_v0p3,validation_policy_selection,gsm8k,gsm8k:test:267,0.025,False,False,0.0,ESCALATE_TO_K8,False,2622,659,2622,False,321
mistral_7b_instruct_v0p3,validation_policy_selection,gsm8k,gsm8k:test:276,0.025,False,False,0.0,ESCALATE_TO_K8,False,2520,630,2520,False,315
mistral_7b_instruct_v0p3,validation_policy_selection,gsm8k,gsm8k:test:293,0.025,False,False,0.0,ESCALATE_TO_K8,False,2621,656,2621,False,328
mistral_7b_instruct_v0p3,validation_policy_selection,gsm8k,gsm8k:test:296,0.025,False,False,0.0,ESCALATE_TO_K8,False,2237,576,2237,False,294
mistral_7b_instruct_v0p3,validation_policy_selection,gsm8k,gsm8k:test:305,0.025,False,False,1.0,STOP_AT_K2,False,435,435,1401,False,178
mistral_7b_instruct_v0p3,validation_policy_selection,gsm8k,gsm8k:test:319,0.025,False,False,0.0,ESCALATE_TO_K8,False,2103,497,2103,False,259
mistral_7b_instruct_v0p3,validation_policy_selection,gsm8k,gsm8k:test:331,0.025,False,False,0.0,ESCALATE_TO_K8,False,2831,708,2831,False,354
mistral_7b_instruct_v0p3,validation_policy_selection,gsm8k,gsm8k:test:336,0.025,False,False,1.0,STOP_AT_K2,False,602,602,2294,False,254
mistral_7b_instruct_v0p3,validation_policy_selection,gsm8k,gsm8k:test:337,0.025,False,False,0.0,ESCALATE_TO_K8,False,2017,501,2017,False,284
mistral_7b_instruct_v0p3,validation_policy_selection,gsm8k,gsm8k:test:360,0.025,False,False,0.0,ESCALATE_TO_K8,False,1887,456,1887,True,221
mistral_7b_instruct_v0p3,validation_policy_selection,gsm8k,gsm8k:test:375,0.025,False,False,0.0,ESCALATE_TO_K8,False,1501,546,1501,False,302
mistral_7b_instruct_v0p3,validation_policy_selection,gsm8k,gsm8k:test:414,0.025,False,True,0.0,ESCALATE_TO_K8,True,1953,582,1953,True,226
mistral_7b_instruct_v0p3,validation_policy_selection,gsm8k,gsm8k:test:429,0.025,False,False,0.0,ESCALATE_TO_K8,False,2335,584,2335,False,292
mistral_7b_instruct_v0p3,validation_policy_selection,gsm8k,gsm8k:test:469,0.025,False,False,0.0,ESCALATE_TO_K8,False,1775,492,1775,False,322
mistral_7b_instruct_v0p3,validation_policy_selection,gsm8k,gsm8k:test:489,0.025,False,False,0.0,ESCALATE_TO_K8,False,2171,434,2171,False,311
mistral_7b_instruct_v0p3,validation_policy_selection,gsm8k,gsm8k:test:507,0.025,False,False,0.0,ESCALATE_TO_K8,False,2150,511,2150,False,229
mistral_7b_instruct_v0p3,validation_policy_selection,gsm8k,gsm8k:test:542,0.025,False,False,0.0,ESCALATE_TO_K8,False,2099,528,2099,False,258
mistral_7b_instruct_v0p3,validation_policy_selection,gsm8k,gsm8k:test:545,0.025,False,False,1.0,STOP_AT_K2,False,282,282,1473,False,158
mistral_7b_instruct_v0p3,validation_policy_selection,gsm8k,gsm8k:test:557,0.025,False,False,0.0,ESCALATE_TO_K8,False,2055,490,2055,False,255
mistral_7b_instruct_v0p3,validation_policy_selection,gsm8k,gsm8k:test:583,0.025,False,False,0.0,ESCALATE_TO_K8,False,2413,626,2413,False,312
qwen2p5_7b_instruct,validation_policy_selection,gsm8k,gsm8k:test:36,0.025,True,False,0.0,ESCALATE_TO_K8,False,2015,486,2015,True,486
qwen2p5_7b_instruct,validation_policy_selection,gsm8k,gsm8k:test:50,0.025,False,True,1.0,STOP_AT_K2,False,435,435,1713,True,219
qwen2p5_7b_instruct,validation_policy_selection,gsm8k,gsm8k:test:57,0.025,True,True,1.0,STOP_AT_K2,True,525,525,2106,True,293
qwen2p5_7b_instruct,validation_policy_selection,gsm8k,gsm8k:test:62,0.025,False,False,1.0,STOP_AT_K2,False,557,557,2276,False,266
qwen2p5_7b_instruct,validation_policy_selection,gsm8k,gsm8k:test:64,0.025,True,True,0.0,ESCALATE_TO_K8,True,2671,663,2671,True,337
qwen2p5_7b_instruct,validation_policy_selection,gsm8k,gsm8k:test:91,0.025,True,True,1.0,STOP_AT_K2,True,459,459,1813,True,242
qwen2p5_7b_instruct,validation_policy_selection,gsm8k,gsm8k:test:96,0.025,True,True,1.0,STOP_AT_K2,True,387,387,1516,True,189
qwen2p5_7b_instruct,validation_policy_selection,gsm8k,gsm8k:test:98,0.025,False,False,0.0,ESCALATE_TO_K8,False,2435,605,2435,True,277
qwen2p5_7b_instruct,validation_policy_selection,gsm8k,gsm8k:test:111,0.025,False,True,0.0,ESCALATE_TO_K8,True,2449,640,2449,True,252
qwen2p5_7b_instruct,validation_policy_selection,gsm8k,gsm8k:test:114,0.025,True,True,1.0,STOP_AT_K2,True,636,636,2580,True,321
qwen2p5_7b_instruct,validation_policy_selection,gsm8k,gsm8k:test:173,0.025,True,True,1.0,STOP_AT_K2,True,499,499,1989,True,246
qwen2p5_7b_instruct,validation_policy_selection,gsm8k,gsm8k:test:204,0.025,True,True,1.0,STOP_AT_K2,True,500,500,2085,True,260
qwen2p5_7b_instruct,validation_policy_selection,gsm8k,gsm8k:test:205,0.025,False,False,0.0,ESCALATE_TO_K8,False,2694,673,2694,False,337
qwen2p5_7b_instruct,validation_policy_selection,gsm8k,gsm8k:test:206,0.025,True,True,0.0,ESCALATE_TO_K8,True,2478,626,2478,True,626
qwen2p5_7b_instruct,validation_policy_selection,gsm8k,gsm8k:test:235,0.025,True,True,1.0,STOP_AT_K2,True,387,387,1635,True,210
qwen2p5_7b_instruct,validation_policy_selection,gsm8k,gsm8k:test:236,0.025,False,False,0.0,ESCALATE_TO_K8,False,2307,618,2307,False,293
qwen2p5_7b_instruct,validation_policy_selection,gsm8k,gsm8k:test:237,0.025,True,True,1.0,STOP_AT_K2,True,361,361,1434,True,177
qwen2p5_7b_instruct,validation_policy_selection,gsm8k,gsm8k:test:244,0.025,True,True,0.0,ESCALATE_TO_K8,True,2600,645,2600,True,645
qwen2p5_7b_instruct,validation_policy_selection,gsm8k,gsm8k:test:253,0.025,True,True,1.0,STOP_AT_K2,True,364,364,1511,True,179
qwen2p5_7b_instruct,validation_policy_selection,gsm8k,gsm8k:test:263,0.025,True,True,1.0,STOP_AT_K2,True,484,484,2032,True,275
qwen2p5_7b_instruct,validation_policy_selection,gsm8k,gsm8k:test:267,0.025,False,True,0.0,ESCALATE_TO_K8,True,2499,582,2499,True,2499
qwen2p5_7b_instruct,validation_policy_selection,gsm8k,gsm8k:test:276,0.025,False,True,0.0,ESCALATE_TO_K8,True,2451,606,2451,True,1231
qwen2p5_7b_instruct,validation_policy_selection,gsm8k,gsm8k:test:293,0.025,False,True,0.0,ESCALATE_TO_K8,True,2568,656,2568,True,2568
qwen2p5_7b_instruct,validation_policy_selection,gsm8k,gsm8k:test:296,0.025,True,True,1.0,STOP_AT_K2,True,505,505,2013,True,505
qwen2p5_7b_instruct,validation_policy_selection,gsm8k,gsm8k:test:305,0.025,True,True,1.0,STOP_AT_K2,True,344,344,1341,True,162
qwen2p5_7b_instruct,validation_policy_selection,gsm8k,gsm8k:test:319,0.025,True,True,1.0,STOP_AT_K2,True,480,480,1966,True,214
qwen2p5_7b_instruct,validation_policy_selection,gsm8k,gsm8k:test:331,0.025,False,False,0.0,ESCALATE_TO_K8,False,2848,712,2848,False,356
qwen2p5_7b_instruct,validation_policy_selection,gsm8k,gsm8k:test:336,0.025,False,True,0.0,ESCALATE_TO_K8,True,2099,557,2099,True,2099
qwen2p5_7b_instruct,validation_policy_selection,gsm8k,gsm8k:test:337,0.025,True,True,1.0,STOP_AT_K2,True,448,448,1806,True,220
qwen2p5_7b_instruct,validation_policy_selection,gsm8k,gsm8k:test:360,0.025,True,True,1.0,STOP_AT_K2,True,476,476,1756,True,225
qwen2p5_7b_instruct,validation_policy_selection,gsm8k,gsm8k:test:375,0.025,True,True,1.0,STOP_AT_K2,True,443,443,1537,True,180
qwen2p5_7b_instruct,validation_policy_selection,gsm8k,gsm8k:test:414,0.025,True,True,1.0,STOP_AT_K2,True,446,446,1738,True,207
qwen2p5_7b_instruct,validation_policy_selection,gsm8k,gsm8k:test:429,0.025,True,True,1.0,STOP_AT_K2,True,366,366,1507,True,190
qwen2p5_7b_instruct,validation_policy_selection,gsm8k,gsm8k:test:469,0.025,True,True,1.0,STOP_AT_K2,True,433,433,1757,True,215
qwen2p5_7b_instruct,validation_policy_selection,gsm8k,gsm8k:test:489,0.025,True,True,1.0,STOP_AT_K2,True,410,410,1629,True,203
qwen2p5_7b_instruct,validation_policy_selection,gsm8k,gsm8k:test:507,0.025,True,True,0.0,ESCALATE_TO_K8,True,2002,532,2002,True,246
qwen2p5_7b_instruct,validation_policy_selection,gsm8k,gsm8k:test:542,0.025,False,False,0.0,ESCALATE_TO_K8,False,2203,574,2203,False,271
qwen2p5_7b_instruct,validation_policy_selection,gsm8k,gsm8k:test:545,0.025,True,True,1.0,STOP_AT_K2,True,325,325,1298,True,159
qwen2p5_7b_instruct,validation_policy_selection,gsm8k,gsm8k:test:557,0.025,True,True,1.0,STOP_AT_K2,True,415,415,1644,True,224
qwen2p5_7b_instruct,validation_policy_selection,gsm8k,gsm8k:test:583,0.025,False,True,0.0,ESCALATE_TO_K8,True,2403,624,2403,True,2403
qwen2p5_math_7b_instruct,validation_policy_selection,gsm8k,gsm8k:test:36,0.025,False,False,0.0,ESCALATE_TO_K8,False,2352,588,2352,False,294
qwen2p5_math_7b_instruct,validation_policy_selection,gsm8k,gsm8k:test:50,0.025,False,False,0.0,ESCALATE_TO_K8,False,2296,574,2296,False,287
qwen2p5_math_7b_instruct,validation_policy_selection,gsm8k,gsm8k:test:57,0.025,False,False,0.0,ESCALATE_TO_K8,False,2616,654,2616,False,327
qwen2p5_math_7b_instruct,validation_policy_selection,gsm8k,gsm8k:test:62,0.025,False,False,0.0,ESCALATE_TO_K8,False,2543,636,2543,False,318
qwen2p5_math_7b_instruct,validation_policy_selection,gsm8k,gsm8k:test:64,0.025,False,False,0.0,ESCALATE_TO_K8,False,2743,686,2743,False,343
qwen2p5_math_7b_instruct,validation_policy_selection,gsm8k,gsm8k:test:91,0.025,False,False,0.0,ESCALATE_TO_K8,False,2288,572,2288,False,286
qwen2p5_math_7b_instruct,validation_policy_selection,gsm8k,gsm8k:test:96,0.025,False,False,1.0,STOP_AT_K2,False,564,564,2255,False,282
qwen2p5_math_7b_instruct,validation_policy_selection,gsm8k,gsm8k:test:98,0.025,False,False,0.0,ESCALATE_TO_K8,False,2768,692,2768,False,346
qwen2p5_math_7b_instruct,validation_policy_selection,gsm8k,gsm8k:test:111,0.025,False,False,0.0,ESCALATE_TO_K8,False,2559,640,2559,False,320
qwen2p5_math_7b_instruct,validation_policy_selection,gsm8k,gsm8k:test:114,0.025,False,False,0.0,ESCALATE_TO_K8,False,2647,661,2647,False,331
qwen2p5_math_7b_instruct,validation_policy_selection,gsm8k,gsm8k:test:173,0.025,False,False,0.0,ESCALATE_TO_K8,False,2622,654,2622,False,328
qwen2p5_math_7b_instruct,validation_policy_selection,gsm8k,gsm8k:test:204,0.025,False,False,0.0,ESCALATE_TO_K8,False,2477,620,2477,False,310
qwen2p5_math_7b_instruct,validation_policy_selection,gsm8k,gsm8k:test:205,0.025,False,False,0.0,ESCALATE_TO_K8,False,2696,674,2696,False,337
qwen2p5_math_7b_instruct,validation_policy_selection,gsm8k,gsm8k:test:206,0.025,False,False,0.0,ESCALATE_TO_K8,False,2624,656,2624,False,328
qwen2p5_math_7b_instruct,validation_policy_selection,gsm8k,gsm8k:test:235,0.025,False,False,0.0,ESCALATE_TO_K8,False,2448,612,2448,False,306
qwen2p5_math_7b_instruct,validation_policy_selection,gsm8k,gsm8k:test:236,0.025,False,False,0.0,ESCALATE_TO_K8,False,2468,617,2468,False,309
qwen2p5_math_7b_instruct,validation_policy_selection,gsm8k,gsm8k:test:237,0.025,True,True,1.0,STOP_AT_K2,True,544,544,2117,True,294
qwen2p5_math_7b_instruct,validation_policy_selection,gsm8k,gsm8k:test:244,0.025,False,False,0.0,ESCALATE_TO_K8,False,2608,652,2608,False,326
qwen2p5_math_7b_instruct,validation_policy_selection,gsm8k,gsm8k:test:253,0.025,True,True,1.0,STOP_AT_K2,True,540,540,2262,True,540
qwen2p5_math_7b_instruct,validation_policy_selection,gsm8k,gsm8k:test:263,0.025,False,False,0.0,ESCALATE_TO_K8,False,2421,605,2421,False,303
qwen2p5_math_7b_instruct,validation_policy_selection,gsm8k,gsm8k:test:267,0.025,False,False,0.0,ESCALATE_TO_K8,False,2650,663,2650,False,332
qwen2p5_math_7b_instruct,validation_policy_selection,gsm8k,gsm8k:test:276,0.025,False,False,0.0,ESCALATE_TO_K8,False,2543,635,2543,False,318
qwen2p5_math_7b_instruct,validation_policy_selection,gsm8k,gsm8k:test:293,0.025,False,False,0.0,ESCALATE_TO_K8,False,2648,662,2648,False,331
qwen2p5_math_7b_instruct,validation_policy_selection,gsm8k,gsm8k:test:296,0.025,False,False,0.0,ESCALATE_TO_K8,False,2368,592,2368,False,296
qwen2p5_math_7b_instruct,validation_policy_selection,gsm8k,gsm8k:test:305,0.025,True,True,1.0,STOP_AT_K2,True,532,532,2123,True,273
qwen2p5_math_7b_instruct,validation_policy_selection,gsm8k,gsm8k:test:319,0.025,False,False,0.0,ESCALATE_TO_K8,False,2527,632,2527,False,316
qwen2p5_math_7b_instruct,validation_policy_selection,gsm8k,gsm8k:test:331,0.025,False,False,0.0,ESCALATE_TO_K8,False,2846,712,2846,False,356
qwen2p5_math_7b_instruct,validation_policy_selection,gsm8k,gsm8k:test:336,0.025,False,False,0.0,ESCALATE_TO_K8,False,2398,600,2398,False,300
qwen2p5_math_7b_instruct,validation_policy_selection,gsm8k,gsm8k:test:337,0.025,False,False,0.0,ESCALATE_TO_K8,False,2288,572,2288,False,286
qwen2p5_math_7b_instruct,validation_policy_selection,gsm8k,gsm8k:test:360,0.025,False,True,0.0,ESCALATE_TO_K8,True,2277,567,2277,True,2277
qwen2p5_math_7b_instruct,validation_policy_selection,gsm8k,gsm8k:test:375,0.025,True,True,1.0,STOP_AT_K2,True,596,596,2324,True,596
qwen2p5_math_7b_instruct,validation_policy_selection,gsm8k,gsm8k:test:414,0.025,False,False,0.0,ESCALATE_TO_K8,False,2335,584,2335,False,292
qwen2p5_math_7b_instruct,validation_policy_selection,gsm8k,gsm8k:test:429,0.025,False,False,0.0,ESCALATE_TO_K8,False,2343,586,2343,False,293
qwen2p5_math_7b_instruct,validation_policy_selection,gsm8k,gsm8k:test:469,0.025,False,False,0.0,ESCALATE_TO_K8,False,2455,614,2455,False,307
qwen2p5_math_7b_instruct,validation_policy_selection,gsm8k,gsm8k:test:489,0.025,False,True,0.0,ESCALATE_TO_K8,True,2441,615,2441,True,301
qwen2p5_math_7b_instruct,validation_policy_selection,gsm8k,gsm8k:test:507,0.025,False,False,0.0,ESCALATE_TO_K8,False,2312,578,2312,False,289
qwen2p5_math_7b_instruct,validation_policy_selection,gsm8k,gsm8k:test:542,0.025,False,False,0.0,ESCALATE_TO_K8,False,2447,612,2447,False,306
qwen2p5_math_7b_instruct,validation_policy_selection,gsm8k,gsm8k:test:545,0.025,True,True,1.0,STOP_AT_K2,True,542,542,2148,True,227
qwen2p5_math_7b_instruct,validation_policy_selection,gsm8k,gsm8k:test:557,0.025,False,False,0.0,ESCALATE_TO_K8,False,2287,571,2287,False,286
qwen2p5_math_7b_instruct,validation_policy_selection,gsm8k,gsm8k:test:583,0.025,False,False,0.0,ESCALATE_TO_K8,False,2496,624,2496,False,311
deepseek_r1_distill_qwen_7b,test_in_domain,gsm8k,gsm8k:test:644,1.001,False,False,0.0,ESCALATE_TO_K8,False,2343,585,2343,False,292
deepseek_r1_distill_qwen_7b,test_in_domain,gsm8k,gsm8k:test:716,1.001,False,False,0.0,ESCALATE_TO_K8,False,2440,610,2440,False,305
deepseek_r1_distill_qwen_7b,test_in_domain,gsm8k,gsm8k:test:732,1.001,False,False,0.0,ESCALATE_TO_K8,False,2392,598,2392,False,299
deepseek_r1_distill_qwen_7b,test_in_domain,gsm8k,gsm8k:test:746,1.001,False,False,0.0,ESCALATE_TO_K8,False,2680,670,2680,False,335
deepseek_r1_distill_qwen_7b,test_in_domain,gsm8k,gsm8k:test:793,1.001,False,False,0.0,ESCALATE_TO_K8,False,2487,621,2487,False,311
deepseek_r1_distill_qwen_7b,test_in_domain,gsm8k,gsm8k:test:804,1.001,False,False,0.0,ESCALATE_TO_K8,False,2471,618,2471,False,309
deepseek_r1_distill_qwen_7b,test_in_domain,gsm8k,gsm8k:test:834,1.001,False,False,0.0,ESCALATE_TO_K8,False,2307,578,2307,False,289
deepseek_r1_distill_qwen_7b,test_in_domain,gsm8k,gsm8k:test:844,1.001,False,False,0.0,ESCALATE_TO_K8,False,2326,582,2326,False,291
deepseek_r1_distill_qwen_7b,test_in_domain,gsm8k,gsm8k:test:849,1.001,False,False,0.0,ESCALATE_TO_K8,False,2272,568,2272,False,284
deepseek_r1_distill_qwen_7b,test_in_domain,gsm8k,gsm8k:test:890,1.001,False,False,0.0,ESCALATE_TO_K8,False,2320,580,2320,False,290
deepseek_r1_distill_qwen_7b,test_in_domain,gsm8k,gsm8k:test:896,1.001,False,False,0.0,ESCALATE_TO_K8,False,2326,582,2326,False,291
deepseek_r1_distill_qwen_7b,test_in_domain,gsm8k,gsm8k:test:911,1.001,False,False,0.0,ESCALATE_TO_K8,False,2416,604,2416,False,302
deepseek_r1_distill_qwen_7b,test_in_domain,gsm8k,gsm8k:test:922,1.001,False,False,0.0,ESCALATE_TO_K8,False,2231,558,2231,False,279
deepseek_r1_distill_qwen_7b,test_in_domain,gsm8k,gsm8k:test:925,1.001,False,False,0.0,ESCALATE_TO_K8,False,2605,651,2605,False,326
deepseek_r1_distill_qwen_7b,test_in_domain,gsm8k,gsm8k:test:948,1.001,False,False,0.0,ESCALATE_TO_K8,False,2615,654,2615,False,327
deepseek_r1_distill_qwen_7b,test_in_domain,gsm8k,gsm8k:test:951,1.001,False,False,0.0,ESCALATE_TO_K8,False,2400,600,2400,False,300
deepseek_r1_distill_qwen_7b,test_in_domain,gsm8k,gsm8k:test:953,1.001,False,False,0.0,ESCALATE_TO_K8,False,2832,708,2832,False,353
deepseek_r1_distill_qwen_7b,test_in_domain,gsm8k,gsm8k:test:966,1.001,False,False,0.0,ESCALATE_TO_K8,False,2799,699,2799,False,350
deepseek_r1_distill_qwen_7b,test_in_domain,gsm8k,gsm8k:test:1011,1.001,False,False,0.0,ESCALATE_TO_K8,False,3064,766,3064,False,383
deepseek_r1_distill_qwen_7b,test_in_domain,gsm8k,gsm8k:test:1030,1.001,False,False,0.0,ESCALATE_TO_K8,False,2833,709,2833,False,354
deepseek_r1_distill_qwen_7b,test_in_domain,gsm8k,gsm8k:test:1041,1.001,False,False,0.0,ESCALATE_TO_K8,False,2414,602,2414,False,302
deepseek_r1_distill_qwen_7b,test_in_domain,gsm8k,gsm8k:test:1052,1.001,False,False,0.0,ESCALATE_TO_K8,False,2528,632,2528,False,315
deepseek_r1_distill_qwen_7b,test_in_domain,gsm8k,gsm8k:test:1078,1.001,False,False,0.0,ESCALATE_TO_K8,False,2700,674,2700,False,336
deepseek_r1_distill_qwen_7b,test_in_domain,gsm8k,gsm8k:test:1079,1.001,False,False,0.0,ESCALATE_TO_K8,False,2469,617,2469,False,309
deepseek_r1_distill_qwen_7b,test_in_domain,gsm8k,gsm8k:test:1083,1.001,False,False,0.0,ESCALATE_TO_K8,False,2416,604,2416,False,302
deepseek_r1_distill_qwen_7b,test_in_domain,gsm8k,gsm8k:test:1090,1.001,False,False,0.0,ESCALATE_TO_K8,False,2487,622,2487,False,311
deepseek_r1_distill_qwen_7b,test_in_domain,gsm8k,gsm8k:test:1094,1.001,False,False,0.0,ESCALATE_TO_K8,False,2719,680,2719,False,340
deepseek_r1_distill_qwen_7b,test_in_domain,gsm8k,gsm8k:test:1139,1.001,False,False,0.0,ESCALATE_TO_K8,False,2486,622,2486,False,310
deepseek_r1_distill_qwen_7b,test_in_domain,gsm8k,gsm8k:test:1151,1.001,False,False,0.0,ESCALATE_TO_K8,False,2231,557,2231,False,279
deepseek_r1_distill_qwen_7b,test_in_domain,gsm8k,gsm8k:test:1157,1.001,False,False,0.0,ESCALATE_TO_K8,False,2400,600,2400,False,300
deepseek_r1_distill_qwen_7b,test_in_domain,gsm8k,gsm8k:test:1177,1.001,False,False,0.0,ESCALATE_TO_K8,False,2276,570,2276,False,285
deepseek_r1_distill_qwen_7b,test_in_domain,gsm8k,gsm8k:test:1187,1.001,False,False,0.0,ESCALATE_TO_K8,False,2351,588,2351,False,294
deepseek_r1_distill_qwen_7b,test_in_domain,gsm8k,gsm8k:test:1191,1.001,False,False,0.0,ESCALATE_TO_K8,False,2333,583,2333,False,292
deepseek_r1_distill_qwen_7b,test_in_domain,gsm8k,gsm8k:test:1224,1.001,False,False,0.0,ESCALATE_TO_K8,False,2229,558,2229,False,279
deepseek_r1_distill_qwen_7b,test_in_domain,gsm8k,gsm8k:test:1235,1.001,False,False,0.0,ESCALATE_TO_K8,False,2463,616,2463,False,308
deepseek_r1_distill_qwen_7b,test_in_domain,gsm8k,gsm8k:test:1253,1.001,False,False,0.0,ESCALATE_TO_K8,False,2269,568,2269,False,284
deepseek_r1_distill_qwen_7b,test_in_domain,gsm8k,gsm8k:test:1283,1.001,False,False,0.0,ESCALATE_TO_K8,False,2304,576,2304,False,288
deepseek_r1_distill_qwen_7b,test_in_domain,gsm8k,gsm8k:test:1287,1.001,False,False,0.0,ESCALATE_TO_K8,False,2399,600,2399,False,300
deepseek_r1_distill_qwen_7b,test_in_domain,gsm8k,gsm8k:test:1298,1.001,False,False,0.0,ESCALATE_TO_K8,False,2328,582,2328,False,291
deepseek_r1_distill_qwen_7b,test_in_domain,gsm8k,gsm8k:test:1299,1.001,False,False,0.0,ESCALATE_TO_K8,False,2416,604,2416,False,302
mistral_7b_instruct_v0p3,test_in_domain,gsm8k,gsm8k:test:644,0.025,False,False,0.0,ESCALATE_TO_K8,False,2076,520,2076,False,302
mistral_7b_instruct_v0p3,test_in_domain,gsm8k,gsm8k:test:716,0.025,False,False,0.0,ESCALATE_TO_K8,False,2352,630,2352,False,315
mistral_7b_instruct_v0p3,test_in_domain,gsm8k,gsm8k:test:732,0.025,False,False,0.0,ESCALATE_TO_K8,False,2370,572,2370,False,309
mistral_7b_instruct_v0p3,test_in_domain,gsm8k,gsm8k:test:746,0.025,False,False,0.0,ESCALATE_TO_K8,False,2636,658,2636,False,346
mistral_7b_instruct_v0p3,test_in_domain,gsm8k,gsm8k:test:793,0.025,False,True,0.0,ESCALATE_TO_K8,True,2365,574,2365,True,1145
mistral_7b_instruct_v0p3,test_in_domain,gsm8k,gsm8k:test:804,0.025,False,False,0.0,ESCALATE_TO_K8,False,2417,628,2417,False,314
mistral_7b_instruct_v0p3,test_in_domain,gsm8k,gsm8k:test:834,0.025,False,False,0.0,ESCALATE_TO_K8,False,1508,321,1508,False,254
mistral_7b_instruct_v0p3,test_in_domain,gsm8k,gsm8k:test:844,0.025,False,False,0.0,ESCALATE_TO_K8,False,2368,594,2368,False,297
mistral_7b_instruct_v0p3,test_in_domain,gsm8k,gsm8k:test:849,0.025,True,False,0.0,ESCALATE_TO_K8,False,1722,416,1722,True,416
mistral_7b_instruct_v0p3,test_in_domain,gsm8k,gsm8k:test:890,0.025,False,False,0.0,ESCALATE_TO_K8,False,2382,602,2382,False,301
mistral_7b_instruct_v0p3,test_in_domain,gsm8k,gsm8k:test:896,0.025,True,True,1.0,STOP_AT_K2,True,433,433,1693,True,218
mistral_7b_instruct_v0p3,test_in_domain,gsm8k,gsm8k:test:911,0.025,True,False,0.0,ESCALATE_TO_K8,False,2329,595,2329,True,595
mistral_7b_instruct_v0p3,test_in_domain,gsm8k,gsm8k:test:922,0.025,False,False,1.0,STOP_AT_K2,False,376,376,1737,False,236
mistral_7b_instruct_v0p3,test_in_domain,gsm8k,gsm8k:test:925,0.025,False,False,0.0,ESCALATE_TO_K8,False,2582,639,2582,False,335
mistral_7b_instruct_v0p3,test_in_domain,gsm8k,gsm8k:test:948,0.025,False,False,0.0,ESCALATE_TO_K8,False,2410,639,2410,False,312
mistral_7b_instruct_v0p3,test_in_domain,gsm8k,gsm8k:test:951,0.025,False,False,1.0,STOP_AT_K2,False,519,519,1817,False,212
mistral_7b_instruct_v0p3,test_in_domain,gsm8k,gsm8k:test:953,0.025,False,False,0.0,ESCALATE_TO_K8,False,2900,733,2900,False,367
mistral_7b_instruct_v0p3,test_in_domain,gsm8k,gsm8k:test:966,0.025,False,False,0.0,ESCALATE_TO_K8,False,2823,712,2823,False,355
mistral_7b_instruct_v0p3,test_in_domain,gsm8k,gsm8k:test:1011,0.025,False,False,0.0,ESCALATE_TO_K8,False,3191,798,3191,False,399
mistral_7b_instruct_v0p3,test_in_domain,gsm8k,gsm8k:test:1030,0.025,False,False,0.0,ESCALATE_TO_K8,False,2885,677,2885,False,368
mistral_7b_instruct_v0p3,test_in_domain,gsm8k,gsm8k:test:1041,0.025,False,False,0.0,ESCALATE_TO_K8,False,2194,511,2194,False,310
mistral_7b_instruct_v0p3,test_in_domain,gsm8k,gsm8k:test:1052,0.025,False,False,0.0,ESCALATE_TO_K8,False,2454,610,2454,False,287
mistral_7b_instruct_v0p3,test_in_domain,gsm8k,gsm8k:test:1078,0.025,False,False,0.0,ESCALATE_TO_K8,False,2781,690,2781,False,346
mistral_7b_instruct_v0p3,test_in_domain,gsm8k,gsm8k:test:1079,0.025,False,False,0.0,ESCALATE_TO_K8,False,2513,630,2513,False,315
mistral_7b_instruct_v0p3,test_in_domain,gsm8k,gsm8k:test:1083,0.025,False,False,0.0,ESCALATE_TO_K8,False,2496,624,2496,False,312
mistral_7b_instruct_v0p3,test_in_domain,gsm8k,gsm8k:test:1090,0.025,False,False,0.0,ESCALATE_TO_K8,False,2372,584,2372,False,316
mistral_7b_instruct_v0p3,test_in_domain,gsm8k,gsm8k:test:1094,0.025,False,False,0.0,ESCALATE_TO_K8,False,2818,710,2818,False,355
mistral_7b_instruct_v0p3,test_in_domain,gsm8k,gsm8k:test:1139,0.025,False,False,0.0,ESCALATE_TO_K8,False,2544,636,2544,False,318
mistral_7b_instruct_v0p3,test_in_domain,gsm8k,gsm8k:test:1151,0.025,False,False,0.0,ESCALATE_TO_K8,False,2137,489,2137,False,227
mistral_7b_instruct_v0p3,test_in_domain,gsm8k,gsm8k:test:1157,0.025,False,False,0.0,ESCALATE_TO_K8,False,2376,620,2376,False,310
mistral_7b_instruct_v0p3,test_in_domain,gsm8k,gsm8k:test:1177,0.025,False,False,0.0,ESCALATE_TO_K8,False,2192,572,2192,False,285
mistral_7b_instruct_v0p3,test_in_domain,gsm8k,gsm8k:test:1187,0.025,False,False,0.0,ESCALATE_TO_K8,False,2424,606,2424,False,303
mistral_7b_instruct_v0p3,test_in_domain,gsm8k,gsm8k:test:1191,0.025,True,True,1.0,STOP_AT_K2,True,446,446,1798,True,446
mistral_7b_instruct_v0p3,test_in_domain,gsm8k,gsm8k:test:1224,0.025,False,False,0.0,ESCALATE_TO_K8,False,1410,392,1410,False,184
mistral_7b_instruct_v0p3,test_in_domain,gsm8k,gsm8k:test:1235,0.025,False,False,0.0,ESCALATE_TO_K8,False,2532,631,2532,False,317
mistral_7b_instruct_v0p3,test_in_domain,gsm8k,gsm8k:test:1253,0.025,False,False,0.0,ESCALATE_TO_K8,False,2127,542,2127,False,275
mistral_7b_instruct_v0p3,test_in_domain,gsm8k,gsm8k:test:1283,0.025,False,False,1.0,STOP_AT_K2,False,525,525,2232,False,298
mistral_7b_instruct_v0p3,test_in_domain,gsm8k,gsm8k:test:1287,0.025,False,False,0.0,ESCALATE_TO_K8,False,2418,609,2418,False,304
mistral_7b_instruct_v0p3,test_in_domain,gsm8k,gsm8k:test:1298,0.025,False,False,1.0,STOP_AT_K2,False,505,505,2172,False,257
mistral_7b_instruct_v0p3,test_in_domain,gsm8k,gsm8k:test:1299,0.025,False,False,0.0,ESCALATE_TO_K8,False,2140,506,2140,False,310
qwen2p5_7b_instruct,test_in_domain,gsm8k,gsm8k:test:644,0.025,True,True,1.0,STOP_AT_K2,True,483,483,1795,True,235
qwen2p5_7b_instruct,test_in_domain,gsm8k,gsm8k:test:716,0.025,True,True,1.0,STOP_AT_K2,True,553,553,2315,True,313
qwen2p5_7b_instruct,test_in_domain,gsm8k,gsm8k:test:732,0.025,True,True,1.0,STOP_AT_K2,True,527,527,2041,True,260
qwen2p5_7b_instruct,test_in_domain,gsm8k,gsm8k:test:746,0.025,False,True,0.0,ESCALATE_TO_K8,True,2703,686,2703,True,324
qwen2p5_7b_instruct,test_in_domain,gsm8k,gsm8k:test:793,0.025,False,True,0.0,ESCALATE_TO_K8,True,2478,613,2478,True,1250
qwen2p5_7b_instruct,test_in_domain,gsm8k,gsm8k:test:804,0.025,False,True,0.0,ESCALATE_TO_K8,True,2316,565,2316,True,199
qwen2p5_7b_instruct,test_in_domain,gsm8k,gsm8k:test:834,0.025,False,False,0.0,ESCALATE_TO_K8,False,2263,594,2263,False,297
qwen2p5_7b_instruct,test_in_domain,gsm8k,gsm8k:test:844,0.025,False,True,0.0,ESCALATE_TO_K8,True,2250,577,2250,True,273
qwen2p5_7b_instruct,test_in_domain,gsm8k,gsm8k:test:849,0.025,False,False,1.0,STOP_AT_K2,False,384,384,1593,False,212
qwen2p5_7b_instruct,test_in_domain,gsm8k,gsm8k:test:890,0.025,False,False,0.0,ESCALATE_TO_K8,False,2314,573,2314,False,278
qwen2p5_7b_instruct,test_in_domain,gsm8k,gsm8k:test:896,0.025,True,True,1.0,STOP_AT_K2,True,448,448,1765,True,448
qwen2p5_7b_instruct,test_in_domain,gsm8k,gsm8k:test:911,0.025,True,True,1.0,STOP_AT_K2,True,517,517,2017,True,232
qwen2p5_7b_instruct,test_in_domain,gsm8k,gsm8k:test:922,0.025,True,True,0.0,ESCALATE_TO_K8,True,1371,311,1371,True,311
qwen2p5_7b_instruct,test_in_domain,gsm8k,gsm8k:test:925,0.025,True,True,1.0,STOP_AT_K2,True,599,599,2543,True,599
qwen2p5_7b_instruct,test_in_domain,gsm8k,gsm8k:test:948,0.025,True,True,0.0,ESCALATE_TO_K8,True,2631,666,2631,True,295
qwen2p5_7b_instruct,test_in_domain,gsm8k,gsm8k:test:951,0.025,False,False,1.0,STOP_AT_K2,False,466,466,1708,False,226
qwen2p5_7b_instruct,test_in_domain,gsm8k,gsm8k:test:953,0.025,False,False,0.0,ESCALATE_TO_K8,False,2896,724,2896,False,362
qwen2p5_7b_instruct,test_in_domain,gsm8k,gsm8k:test:966,0.025,True,True,1.0,STOP_AT_K2,True,628,628,2645,True,342
qwen2p5_7b_instruct,test_in_domain,gsm8k,gsm8k:test:1011,0.025,False,False,0.0,ESCALATE_TO_K8,False,3128,782,3128,False,391
qwen2p5_7b_instruct,test_in_domain,gsm8k,gsm8k:test:1030,0.025,False,False,0.0,ESCALATE_TO_K8,False,2896,724,2896,False,362
qwen2p5_7b_instruct,test_in_domain,gsm8k,gsm8k:test:1041,0.025,True,True,1.0,STOP_AT_K2,True,563,563,2173,True,276
qwen2p5_7b_instruct,test_in_domain,gsm8k,gsm8k:test:1052,0.025,True,True,1.0,STOP_AT_K2,True,525,525,2025,True,256
qwen2p5_7b_instruct,test_in_domain,gsm8k,gsm8k:test:1078,0.025,True,True,1.0,STOP_AT_K2,True,676,676,2513,True,331
qwen2p5_7b_instruct,test_in_domain,gsm8k,gsm8k:test:1079,0.025,False,False,0.0,ESCALATE_TO_K8,False,2521,634,2521,False,317
qwen2p5_7b_instruct,test_in_domain,gsm8k,gsm8k:test:1083,0.025,False,True,1.0,STOP_AT_K2,False,595,595,2072,True,226
qwen2p5_7b_instruct,test_in_domain,gsm8k,gsm8k:test:1090,0.025,True,True,1.0,STOP_AT_K2,True,491,491,1966,True,271
qwen2p5_7b_instruct,test_in_domain,gsm8k,gsm8k:test:1094,0.025,False,False,0.0,ESCALATE_TO_K8,False,2784,696,2784,False,348
qwen2p5_7b_instruct,test_in_domain,gsm8k,gsm8k:test:1139,0.025,False,False,0.0,ESCALATE_TO_K8,False,2552,638,2552,False,319
qwen2p5_7b_instruct,test_in_domain,gsm8k,gsm8k:test:1151,0.025,True,True,1.0,STOP_AT_K2,True,447,447,1835,True,224
qwen2p5_7b_instruct,test_in_domain,gsm8k,gsm8k:test:1157,0.025,True,True,1.0,STOP_AT_K2,True,446,446,1759,True,212
qwen2p5_7b_instruct,test_in_domain,gsm8k,gsm8k:test:1177,0.025,True,True,1.0,STOP_AT_K2,True,482,482,2004,True,246
qwen2p5_7b_instruct,test_in_domain,gsm8k,gsm8k:test:1187,0.025,True,True,0.0,ESCALATE_TO_K8,True,2194,577,2194,True,577
qwen2p5_7b_instruct,test_in_domain,gsm8k,gsm8k:test:1191,0.025,True,True,0.0,ESCALATE_TO_K8,True,1665,401,1665,True,200
qwen2p5_7b_instruct,test_in_domain,gsm8k,gsm8k:test:1224,0.025,True,True,1.0,STOP_AT_K2,True,413,413,1488,True,154
qwen2p5_7b_instruct,test_in_domain,gsm8k,gsm8k:test:1235,0.025,True,True,1.0,STOP_AT_K2,True,632,632,2517,True,316
qwen2p5_7b_instruct,test_in_domain,gsm8k,gsm8k:test:1253,0.025,True,True,1.0,STOP_AT_K2,True,485,485,2020,True,259
qwen2p5_7b_instruct,test_in_domain,gsm8k,gsm8k:test:1283,0.025,True,True,1.0,STOP_AT_K2,True,478,478,1907,True,254
qwen2p5_7b_instruct,test_in_domain,gsm8k,gsm8k:test:1287,0.025,True,True,1.0,STOP_AT_K2,True,535,535,2138,True,283
qwen2p5_7b_instruct,test_in_domain,gsm8k,gsm8k:test:1298,0.025,False,True,0.0,ESCALATE_TO_K8,True,2063,517,2063,True,244
qwen2p5_7b_instruct,test_in_domain,gsm8k,gsm8k:test:1299,0.025,True,False,0.0,ESCALATE_TO_K8,False,2074,524,2074,True,524
qwen2p5_math_7b_instruct,test_in_domain,gsm8k,gsm8k:test:644,0.025,True,False,0.0,ESCALATE_TO_K8,False,2402,601,2402,True,601
qwen2p5_math_7b_instruct,test_in_domain,gsm8k,gsm8k:test:716,0.025,False,False,0.0,ESCALATE_TO_K8,False,2503,625,2503,False,313
qwen2p5_math_7b_instruct,test_in_domain,gsm8k,gsm8k:test:732,0.025,False,False,0.0,ESCALATE_TO_K8,False,2456,614,2456,False,307
qwen2p5_math_7b_instruct,test_in_domain,gsm8k,gsm8k:test:746,0.025,False,False,0.0,ESCALATE_TO_K8,False,2744,686,2744,False,343
qwen2p5_math_7b_instruct,test_in_domain,gsm8k,gsm8k:test:793,0.025,False,False,0.0,ESCALATE_TO_K8,False,2551,638,2551,False,319
qwen2p5_math_7b_instruct,test_in_domain,gsm8k,gsm8k:test:804,0.025,False,False,0.0,ESCALATE_TO_K8,False,2534,633,2534,False,317
qwen2p5_math_7b_instruct,test_in_domain,gsm8k,gsm8k:test:834,0.025,False,False,0.0,ESCALATE_TO_K8,False,2376,594,2376,False,297
qwen2p5_math_7b_instruct,test_in_domain,gsm8k,gsm8k:test:844,0.025,False,False,0.0,ESCALATE_TO_K8,False,2390,598,2390,False,299
qwen2p5_math_7b_instruct,test_in_domain,gsm8k,gsm8k:test:849,0.025,False,False,0.0,ESCALATE_TO_K8,False,2317,565,2317,False,292
qwen2p5_math_7b_instruct,test_in_domain,gsm8k,gsm8k:test:890,0.025,False,False,0.0,ESCALATE_TO_K8,False,2384,596,2384,False,298
qwen2p5_math_7b_instruct,test_in_domain,gsm8k,gsm8k:test:896,0.025,False,False,0.0,ESCALATE_TO_K8,False,2391,597,2391,False,299
qwen2p5_math_7b_instruct,test_in_domain,gsm8k,gsm8k:test:911,0.025,False,False,0.0,ESCALATE_TO_K8,False,2479,619,2479,False,310
qwen2p5_math_7b_instruct,test_in_domain,gsm8k,gsm8k:test:922,0.025,True,True,0.0,ESCALATE_TO_K8,True,2266,559,2266,True,559
qwen2p5_math_7b_instruct,test_in_domain,gsm8k,gsm8k:test:925,0.025,False,False,0.0,ESCALATE_TO_K8,False,2671,668,2671,False,334
qwen2p5_math_7b_instruct,test_in_domain,gsm8k,gsm8k:test:948,0.025,False,False,0.0,ESCALATE_TO_K8,False,2679,669,2679,False,335
qwen2p5_math_7b_instruct,test_in_domain,gsm8k,gsm8k:test:951,0.025,False,False,0.0,ESCALATE_TO_K8,False,2463,616,2463,False,308
qwen2p5_math_7b_instruct,test_in_domain,gsm8k,gsm8k:test:953,0.025,False,False,0.0,ESCALATE_TO_K8,False,2894,723,2894,False,362
qwen2p5_math_7b_instruct,test_in_domain,gsm8k,gsm8k:test:966,0.025,False,False,0.0,ESCALATE_TO_K8,False,2864,716,2864,False,358
qwen2p5_math_7b_instruct,test_in_domain,gsm8k,gsm8k:test:1011,0.025,False,False,0.0,ESCALATE_TO_K8,False,3128,782,3128,False,391
qwen2p5_math_7b_instruct,test_in_domain,gsm8k,gsm8k:test:1030,0.025,False,False,0.0,ESCALATE_TO_K8,False,2895,724,2895,False,362
qwen2p5_math_7b_instruct,test_in_domain,gsm8k,gsm8k:test:1041,0.025,False,False,0.0,ESCALATE_TO_K8,False,2480,620,2480,False,310
qwen2p5_math_7b_instruct,test_in_domain,gsm8k,gsm8k:test:1052,0.025,False,False,0.0,ESCALATE_TO_K8,False,2590,648,2590,False,324
qwen2p5_math_7b_instruct,test_in_domain,gsm8k,gsm8k:test:1078,0.025,False,False,0.0,ESCALATE_TO_K8,False,2766,692,2766,False,346
qwen2p5_math_7b_instruct,test_in_domain,gsm8k,gsm8k:test:1079,0.025,False,False,1.0,STOP_AT_K2,False,634,634,2536,False,317
qwen2p5_math_7b_instruct,test_in_domain,gsm8k,gsm8k:test:1083,0.025,False,False,0.0,ESCALATE_TO_K8,False,2476,619,2476,False,310
qwen2p5_math_7b_instruct,test_in_domain,gsm8k,gsm8k:test:1090,0.025,False,False,0.0,ESCALATE_TO_K8,False,2551,638,2551,False,319
qwen2p5_math_7b_instruct,test_in_domain,gsm8k,gsm8k:test:1094,0.025,False,False,0.0,ESCALATE_TO_K8,False,2782,695,2782,False,348
qwen2p5_math_7b_instruct,test_in_domain,gsm8k,gsm8k:test:1139,0.025,False,False,0.0,ESCALATE_TO_K8,False,2551,638,2551,False,319
qwen2p5_math_7b_instruct,test_in_domain,gsm8k,gsm8k:test:1151,0.025,False,False,0.0,ESCALATE_TO_K8,False,2296,574,2296,False,287
qwen2p5_math_7b_instruct,test_in_domain,gsm8k,gsm8k:test:1157,0.025,False,False,0.0,ESCALATE_TO_K8,False,2464,616,2464,False,308
qwen2p5_math_7b_instruct,test_in_domain,gsm8k,gsm8k:test:1177,0.025,False,False,0.0,ESCALATE_TO_K8,False,2342,586,2342,False,293
qwen2p5_math_7b_instruct,test_in_domain,gsm8k,gsm8k:test:1187,0.025,False,False,0.0,ESCALATE_TO_K8,False,2415,604,2415,False,302
qwen2p5_math_7b_instruct,test_in_domain,gsm8k,gsm8k:test:1191,0.025,False,False,0.0,ESCALATE_TO_K8,False,2387,600,2387,False,300
qwen2p5_math_7b_instruct,test_in_domain,gsm8k,gsm8k:test:1224,0.025,True,True,1.0,STOP_AT_K2,True,521,521,2091,True,521
qwen2p5_math_7b_instruct,test_in_domain,gsm8k,gsm8k:test:1235,0.025,False,False,0.0,ESCALATE_TO_K8,False,2527,632,2527,False,316
qwen2p5_math_7b_instruct,test_in_domain,gsm8k,gsm8k:test:1253,0.025,False,False,0.0,ESCALATE_TO_K8,False,2336,584,2336,False,292
qwen2p5_math_7b_instruct,test_in_domain,gsm8k,gsm8k:test:1283,0.025,False,False,0.0,ESCALATE_TO_K8,False,2367,592,2367,False,295
qwen2p5_math_7b_instruct,test_in_domain,gsm8k,gsm8k:test:1287,0.025,False,False,0.0,ESCALATE_TO_K8,False,2463,616,2463,False,308
qwen2p5_math_7b_instruct,test_in_domain,gsm8k,gsm8k:test:1298,0.025,False,False,0.0,ESCALATE_TO_K8,False,2390,597,2390,False,298
qwen2p5_math_7b_instruct,test_in_domain,gsm8k,gsm8k:test:1299,0.025,False,False,0.0,ESCALATE_TO_K8,False,2479,619,2479,True,306
deepseek_r1_distill_qwen_7b,strict_domain_holdout_test,math500,math500:test:22,1.001,False,False,0.0,ESCALATE_TO_K8,False,2951,738,2951,False,369
deepseek_r1_distill_qwen_7b,strict_domain_holdout_test,math500,math500:test:44,1.001,False,False,0.0,ESCALATE_TO_K8,False,2448,612,2448,False,304
deepseek_r1_distill_qwen_7b,strict_domain_holdout_test,math500,math500:test:51,1.001,False,False,0.0,ESCALATE_TO_K8,False,2103,525,2103,False,263
deepseek_r1_distill_qwen_7b,strict_domain_holdout_test,math500,math500:test:56,1.001,False,False,0.0,ESCALATE_TO_K8,False,2144,536,2144,False,268
deepseek_r1_distill_qwen_7b,strict_domain_holdout_test,math500,math500:test:60,1.001,False,False,0.0,ESCALATE_TO_K8,False,2336,584,2336,False,292
deepseek_r1_distill_qwen_7b,strict_domain_holdout_test,math500,math500:test:62,1.001,False,False,0.0,ESCALATE_TO_K8,False,2776,694,2776,False,346
deepseek_r1_distill_qwen_7b,strict_domain_holdout_test,math500,math500:test:64,1.001,False,False,0.0,ESCALATE_TO_K8,False,2456,614,2456,False,307
deepseek_r1_distill_qwen_7b,strict_domain_holdout_test,math500,math500:test:67,1.001,False,False,0.0,ESCALATE_TO_K8,False,2334,583,2334,False,292
deepseek_r1_distill_qwen_7b,strict_domain_holdout_test,math500,math500:test:71,1.001,False,False,0.0,ESCALATE_TO_K8,False,2151,538,2151,False,269
deepseek_r1_distill_qwen_7b,strict_domain_holdout_test,math500,math500:test:87,1.001,False,False,0.0,ESCALATE_TO_K8,False,2120,530,2120,False,264
deepseek_r1_distill_qwen_7b,strict_domain_holdout_test,math500,math500:test:88,1.001,False,False,0.0,ESCALATE_TO_K8,False,2632,658,2632,False,329
deepseek_r1_distill_qwen_7b,strict_domain_holdout_test,math500,math500:test:89,1.001,False,False,0.0,ESCALATE_TO_K8,False,2136,534,2136,False,267
deepseek_r1_distill_qwen_7b,strict_domain_holdout_test,math500,math500:test:101,1.001,False,False,0.0,ESCALATE_TO_K8,False,3464,866,3464,False,433
deepseek_r1_distill_qwen_7b,strict_domain_holdout_test,math500,math500:test:112,1.001,False,False,0.0,ESCALATE_TO_K8,False,2544,636,2544,False,317
deepseek_r1_distill_qwen_7b,strict_domain_holdout_test,math500,math500:test:130,1.001,False,False,0.0,ESCALATE_TO_K8,False,2246,562,2246,False,280
deepseek_r1_distill_qwen_7b,strict_domain_holdout_test,math500,math500:test:132,1.001,False,False,0.0,ESCALATE_TO_K8,False,2308,577,2308,False,289
deepseek_r1_distill_qwen_7b,strict_domain_holdout_test,math500,math500:test:135,1.001,False,False,0.0,ESCALATE_TO_K8,False,2496,624,2496,False,312
deepseek_r1_distill_qwen_7b,strict_domain_holdout_test,math500,math500:test:140,1.001,False,False,0.0,ESCALATE_TO_K8,False,2190,547,2190,False,274
deepseek_r1_distill_qwen_7b,strict_domain_holdout_test,math500,math500:test:144,1.001,False,False,0.0,ESCALATE_TO_K8,False,2327,582,2327,False,291
deepseek_r1_distill_qwen_7b,strict_domain_holdout_test,math500,math500:test:145,1.001,False,False,0.0,ESCALATE_TO_K8,False,2399,600,2399,False,300
deepseek_r1_distill_qwen_7b,strict_domain_holdout_test,math500,math500:test:150,1.001,False,False,0.0,ESCALATE_TO_K8,False,3727,932,3727,False,465
deepseek_r1_distill_qwen_7b,strict_domain_holdout_test,math500,math500:test:157,1.001,False,False,0.0,ESCALATE_TO_K8,False,2304,576,2304,False,288
deepseek_r1_distill_qwen_7b,strict_domain_holdout_test,math500,math500:test:160,1.001,False,False,0.0,ESCALATE_TO_K8,False,2120,530,2120,False,265
deepseek_r1_distill_qwen_7b,strict_domain_holdout_test,math500,math500:test:161,1.001,False,False,0.0,ESCALATE_TO_K8,False,1880,429,1880,False,207
deepseek_r1_distill_qwen_7b,strict_domain_holdout_test,math500,math500:test:162,1.001,False,False,0.0,ESCALATE_TO_K8,False,2342,586,2342,False,293
deepseek_r1_distill_qwen_7b,strict_domain_holdout_test,math500,math500:test:167,1.001,False,False,0.0,ESCALATE_TO_K8,False,2552,638,2552,False,319
deepseek_r1_distill_qwen_7b,strict_domain_holdout_test,math500,math500:test:168,1.001,False,False,0.0,ESCALATE_TO_K8,False,7271,1818,7271,False,909
deepseek_r1_distill_qwen_7b,strict_domain_holdout_test,math500,math500:test:172,1.001,False,False,0.0,ESCALATE_TO_K8,False,2176,544,2176,False,272
deepseek_r1_distill_qwen_7b,strict_domain_holdout_test,math500,math500:test:177,1.001,False,False,0.0,ESCALATE_TO_K8,False,3943,986,3943,False,493
deepseek_r1_distill_qwen_7b,strict_domain_holdout_test,math500,math500:test:194,1.001,False,False,0.0,ESCALATE_TO_K8,False,2224,556,2224,False,278
deepseek_r1_distill_qwen_7b,strict_domain_holdout_test,math500,math500:test:206,1.001,False,False,0.0,ESCALATE_TO_K8,False,2654,664,2654,False,332
deepseek_r1_distill_qwen_7b,strict_domain_holdout_test,math500,math500:test:210,1.001,False,False,0.0,ESCALATE_TO_K8,False,3560,890,3560,False,445
deepseek_r1_distill_qwen_7b,strict_domain_holdout_test,math500,math500:test:211,1.001,False,False,0.0,ESCALATE_TO_K8,False,2160,540,2160,False,269
deepseek_r1_distill_qwen_7b,strict_domain_holdout_test,math500,math500:test:221,1.001,False,False,0.0,ESCALATE_TO_K8,False,2167,542,2167,False,271
deepseek_r1_distill_qwen_7b,strict_domain_holdout_test,math500,math500:test:222,1.001,False,False,0.0,ESCALATE_TO_K8,False,3032,758,3032,False,379
deepseek_r1_distill_qwen_7b,strict_domain_holdout_test,math500,math500:test:224,1.001,False,False,0.0,ESCALATE_TO_K8,False,2431,608,2431,False,304
deepseek_r1_distill_qwen_7b,strict_domain_holdout_test,math500,math500:test:225,1.001,False,False,0.0,ESCALATE_TO_K8,False,2222,556,2222,False,278
deepseek_r1_distill_qwen_7b,strict_domain_holdout_test,math500,math500:test:240,1.001,False,False,0.0,ESCALATE_TO_K8,False,3744,936,3744,False,468
deepseek_r1_distill_qwen_7b,strict_domain_holdout_test,math500,math500:test:243,1.001,False,False,0.0,ESCALATE_TO_K8,False,2240,560,2240,False,280
deepseek_r1_distill_qwen_7b,strict_domain_holdout_test,math500,math500:test:246,1.001,False,False,0.0,ESCALATE_TO_K8,False,2431,608,2431,False,302
deepseek_r1_distill_qwen_7b,strict_domain_holdout_test,math500,math500:test:247,1.001,False,False,0.0,ESCALATE_TO_K8,False,2256,564,2256,False,282
deepseek_r1_distill_qwen_7b,strict_domain_holdout_test,math500,math500:test:249,1.001,False,False,0.0,ESCALATE_TO_K8,False,2256,564,2256,False,282
deepseek_r1_distill_qwen_7b,strict_domain_holdout_test,math500,math500:test:250,1.001,False,False,0.0,ESCALATE_TO_K8,False,2487,622,2487,False,311
deepseek_r1_distill_qwen_7b,strict_domain_holdout_test,math500,math500:test:256,1.001,False,False,0.0,ESCALATE_TO_K8,False,2158,540,2158,False,270
deepseek_r1_distill_qwen_7b,strict_domain_holdout_test,math500,math500:test:259,1.001,False,False,0.0,ESCALATE_TO_K8,False,2086,521,2086,False,261
deepseek_r1_distill_qwen_7b,strict_domain_holdout_test,math500,math500:test:264,1.001,False,False,0.0,ESCALATE_TO_K8,False,3896,974,3896,False,487
deepseek_r1_distill_qwen_7b,strict_domain_holdout_test,math500,math500:test:269,1.001,False,False,0.0,ESCALATE_TO_K8,False,2263,565,2263,False,283
deepseek_r1_distill_qwen_7b,strict_domain_holdout_test,math500,math500:test:274,1.001,False,False,0.0,ESCALATE_TO_K8,False,2440,610,2440,False,305
deepseek_r1_distill_qwen_7b,strict_domain_holdout_test,math500,math500:test:276,1.001,False,False,0.0,ESCALATE_TO_K8,False,2128,532,2128,False,266
deepseek_r1_distill_qwen_7b,strict_domain_holdout_test,math500,math500:test:284,1.001,False,False,0.0,ESCALATE_TO_K8,False,2416,604,2416,False,302
deepseek_r1_distill_qwen_7b,strict_domain_holdout_test,math500,math500:test:287,1.001,False,False,0.0,ESCALATE_TO_K8,False,2448,612,2448,False,306
deepseek_r1_distill_qwen_7b,strict_domain_holdout_test,math500,math500:test:298,1.001,False,False,0.0,ESCALATE_TO_K8,False,3328,832,3328,False,416
deepseek_r1_distill_qwen_7b,strict_domain_holdout_test,math500,math500:test:300,1.001,False,False,0.0,ESCALATE_TO_K8,False,2135,534,2135,False,267
deepseek_r1_distill_qwen_7b,strict_domain_holdout_test,math500,math500:test:318,1.001,False,False,0.0,ESCALATE_TO_K8,False,2176,544,2176,False,272
deepseek_r1_distill_qwen_7b,strict_domain_holdout_test,math500,math500:test:326,1.001,False,False,0.0,ESCALATE_TO_K8,False,2304,576,2304,False,288
deepseek_r1_distill_qwen_7b,strict_domain_holdout_test,math500,math500:test:328,1.001,False,False,0.0,ESCALATE_TO_K8,False,2520,630,2520,False,315
deepseek_r1_distill_qwen_7b,strict_domain_holdout_test,math500,math500:test:329,1.001,False,False,0.0,ESCALATE_TO_K8,False,2128,532,2128,False,266
deepseek_r1_distill_qwen_7b,strict_domain_holdout_test,math500,math500:test:330,1.001,False,False,0.0,ESCALATE_TO_K8,False,2232,558,2232,False,279
deepseek_r1_distill_qwen_7b,strict_domain_holdout_test,math500,math500:test:340,1.001,False,False,0.0,ESCALATE_TO_K8,False,2720,680,2720,False,340
deepseek_r1_distill_qwen_7b,strict_domain_holdout_test,math500,math500:test:345,1.001,False,False,0.0,ESCALATE_TO_K8,False,2208,552,2208,False,276
deepseek_r1_distill_qwen_7b,strict_domain_holdout_test,math500,math500:test:365,1.001,False,False,0.0,ESCALATE_TO_K8,False,2384,596,2384,False,298
deepseek_r1_distill_qwen_7b,strict_domain_holdout_test,math500,math500:test:373,1.001,False,False,0.0,ESCALATE_TO_K8,False,2487,622,2487,False,311
deepseek_r1_distill_qwen_7b,strict_domain_holdout_test,math500,math500:test:384,1.001,False,False,0.0,ESCALATE_TO_K8,False,2136,534,2136,False,267
deepseek_r1_distill_qwen_7b,strict_domain_holdout_test,math500,math500:test:393,1.001,False,False,0.0,ESCALATE_TO_K8,False,2592,648,2592,False,324
deepseek_r1_distill_qwen_7b,strict_domain_holdout_test,math500,math500:test:404,1.001,False,False,0.0,ESCALATE_TO_K8,False,2253,563,2253,False,282
deepseek_r1_distill_qwen_7b,strict_domain_holdout_test,math500,math500:test:408,1.001,False,False,0.0,ESCALATE_TO_K8,False,2456,614,2456,False,307
deepseek_r1_distill_qwen_7b,strict_domain_holdout_test,math500,math500:test:414,1.001,False,False,0.0,ESCALATE_TO_K8,False,2240,560,2240,False,280
deepseek_r1_distill_qwen_7b,strict_domain_holdout_test,math500,math500:test:420,1.001,False,False,0.0,ESCALATE_TO_K8,False,2389,597,2389,False,299
deepseek_r1_distill_qwen_7b,strict_domain_holdout_test,math500,math500:test:422,1.001,False,False,0.0,ESCALATE_TO_K8,False,2816,704,2816,False,352
deepseek_r1_distill_qwen_7b,strict_domain_holdout_test,math500,math500:test:427,1.001,False,False,0.0,ESCALATE_TO_K8,False,2319,580,2319,False,290
deepseek_r1_distill_qwen_7b,strict_domain_holdout_test,math500,math500:test:429,1.001,False,False,0.0,ESCALATE_TO_K8,False,2232,558,2232,False,279
deepseek_r1_distill_qwen_7b,strict_domain_holdout_test,math500,math500:test:432,1.001,False,False,0.0,ESCALATE_TO_K8,False,2560,640,2560,False,320
deepseek_r1_distill_qwen_7b,strict_domain_holdout_test,math500,math500:test:439,1.001,False,False,0.0,ESCALATE_TO_K8,False,2103,526,2103,False,263
deepseek_r1_distill_qwen_7b,strict_domain_holdout_test,math500,math500:test:448,1.001,False,False,0.0,ESCALATE_TO_K8,False,2368,592,2368,False,296
deepseek_r1_distill_qwen_7b,strict_domain_holdout_test,math500,math500:test:461,1.001,False,False,0.0,ESCALATE_TO_K8,False,2720,680,2720,False,340
deepseek_r1_distill_qwen_7b,strict_domain_holdout_test,math500,math500:test:468,1.001,False,False,0.0,ESCALATE_TO_K8,False,2200,550,2200,False,275
deepseek_r1_distill_qwen_7b,strict_domain_holdout_test,math500,math500:test:470,1.001,False,False,0.0,ESCALATE_TO_K8,False,2336,584,2336,False,292
deepseek_r1_distill_qwen_7b,strict_domain_holdout_test,math500,math500:test:476,1.001,False,False,0.0,ESCALATE_TO_K8,False,2440,610,2440,False,305
deepseek_r1_distill_qwen_7b,strict_domain_holdout_test,math500,math500:test:490,1.001,False,False,0.0,ESCALATE_TO_K8,False,2680,670,2680,False,335
deepseek_r1_distill_qwen_7b,strict_domain_holdout_test,math500,math500:test:492,1.001,False,False,0.0,ESCALATE_TO_K8,False,2614,654,2614,False,327
mistral_7b_instruct_v0p3,strict_domain_holdout_test,math500,math500:test:22,0.025,False,False,0.0,ESCALATE_TO_K8,False,3062,765,3062,False,383
mistral_7b_instruct_v0p3,strict_domain_holdout_test,math500,math500:test:44,0.025,False,False,0.0,ESCALATE_TO_K8,False,2484,622,2484,False,311
mistral_7b_instruct_v0p3,strict_domain_holdout_test,math500,math500:test:51,0.025,False,False,0.0,ESCALATE_TO_K8,False,2084,538,2084,False,269
mistral_7b_instruct_v0p3,strict_domain_holdout_test,math500,math500:test:56,0.025,False,False,0.0,ESCALATE_TO_K8,False,2182,544,2182,False,273
mistral_7b_instruct_v0p3,strict_domain_holdout_test,math500,math500:test:60,0.025,False,False,0.0,ESCALATE_TO_K8,False,2400,600,2400,False,300
mistral_7b_instruct_v0p3,strict_domain_holdout_test,math500,math500:test:62,0.025,False,False,0.0,ESCALATE_TO_K8,False,2788,698,2788,False,349
mistral_7b_instruct_v0p3,strict_domain_holdout_test,math500,math500:test:64,0.025,False,False,0.0,ESCALATE_TO_K8,False,2334,620,2334,False,309
mistral_7b_instruct_v0p3,strict_domain_holdout_test,math500,math500:test:67,0.025,False,False,0.0,ESCALATE_TO_K8,False,2376,594,2376,False,297
mistral_7b_instruct_v0p3,strict_domain_holdout_test,math500,math500:test:71,0.025,False,False,0.0,ESCALATE_TO_K8,False,2170,548,2170,False,274
mistral_7b_instruct_v0p3,strict_domain_holdout_test,math500,math500:test:87,0.025,False,False,0.0,ESCALATE_TO_K8,False,2128,538,2128,False,270
mistral_7b_instruct_v0p3,strict_domain_holdout_test,math500,math500:test:88,0.025,False,False,0.0,ESCALATE_TO_K8,False,2743,686,2743,False,343
mistral_7b_instruct_v0p3,strict_domain_holdout_test,math500,math500:test:89,0.025,False,False,0.0,ESCALATE_TO_K8,False,2183,546,2183,False,273
mistral_7b_instruct_v0p3,strict_domain_holdout_test,math500,math500:test:101,0.025,False,False,0.0,ESCALATE_TO_K8,False,3375,844,3375,False,422
mistral_7b_instruct_v0p3,strict_domain_holdout_test,math500,math500:test:112,0.025,False,False,0.0,ESCALATE_TO_K8,False,2584,646,2584,False,323
mistral_7b_instruct_v0p3,strict_domain_holdout_test,math500,math500:test:130,0.025,False,False,0.0,ESCALATE_TO_K8,False,2287,572,2287,False,286
mistral_7b_instruct_v0p3,strict_domain_holdout_test,math500,math500:test:132,0.025,False,False,0.0,ESCALATE_TO_K8,False,2006,477,2006,False,196
mistral_7b_instruct_v0p3,strict_domain_holdout_test,math500,math500:test:135,0.025,False,False,0.0,ESCALATE_TO_K8,False,2545,642,2545,False,321
mistral_7b_instruct_v0p3,strict_domain_holdout_test,math500,math500:test:140,0.025,False,False,0.0,ESCALATE_TO_K8,False,2197,516,2197,False,258
mistral_7b_instruct_v0p3,strict_domain_holdout_test,math500,math500:test:144,0.025,False,False,0.0,ESCALATE_TO_K8,False,1749,456,1749,False,208
mistral_7b_instruct_v0p3,strict_domain_holdout_test,math500,math500:test:145,0.025,False,False,0.0,ESCALATE_TO_K8,False,2422,606,2422,False,303
mistral_7b_instruct_v0p3,strict_domain_holdout_test,math500,math500:test:150,0.025,False,False,0.0,ESCALATE_TO_K8,False,3791,948,3791,False,474
mistral_7b_instruct_v0p3,strict_domain_holdout_test,math500,math500:test:157,0.025,False,False,0.0,ESCALATE_TO_K8,False,2298,529,2298,False,274
mistral_7b_instruct_v0p3,strict_domain_holdout_test,math500,math500:test:160,0.025,False,False,0.0,ESCALATE_TO_K8,False,1966,544,1966,False,272
mistral_7b_instruct_v0p3,strict_domain_holdout_test,math500,math500:test:161,0.025,True,True,0.0,ESCALATE_TO_K8,True,1234,374,1234,True,120
mistral_7b_instruct_v0p3,strict_domain_holdout_test,math500,math500:test:162,0.025,False,False,0.0,ESCALATE_TO_K8,False,2320,592,2320,False,297
mistral_7b_instruct_v0p3,strict_domain_holdout_test,math500,math500:test:167,0.025,False,False,0.0,ESCALATE_TO_K8,False,1930,469,1930,False,252
mistral_7b_instruct_v0p3,strict_domain_holdout_test,math500,math500:test:168,0.025,False,False,0.0,ESCALATE_TO_K8,False,7457,1860,7457,False,932
mistral_7b_instruct_v0p3,strict_domain_holdout_test,math500,math500:test:172,0.025,False,False,0.0,ESCALATE_TO_K8,False,2240,560,2240,False,280
mistral_7b_instruct_v0p3,strict_domain_holdout_test,math500,math500:test:177,0.025,False,False,0.0,ESCALATE_TO_K8,False,4375,1093,4375,False,547
mistral_7b_instruct_v0p3,strict_domain_holdout_test,math500,math500:test:194,0.025,False,False,0.0,ESCALATE_TO_K8,False,2267,568,2267,False,284
mistral_7b_instruct_v0p3,strict_domain_holdout_test,math500,math500:test:206,0.025,False,False,0.0,ESCALATE_TO_K8,False,2366,662,2366,False,331
mistral_7b_instruct_v0p3,strict_domain_holdout_test,math500,math500:test:210,0.025,False,False,0.0,ESCALATE_TO_K8,False,3257,792,3257,False,415
mistral_7b_instruct_v0p3,strict_domain_holdout_test,math500,math500:test:211,0.025,False,False,0.0,ESCALATE_TO_K8,False,2169,549,2169,False,219
mistral_7b_instruct_v0p3,strict_domain_holdout_test,math500,math500:test:221,0.025,False,False,0.0,ESCALATE_TO_K8,False,2223,556,2223,False,269
mistral_7b_instruct_v0p3,strict_domain_holdout_test,math500,math500:test:222,0.025,False,False,0.0,ESCALATE_TO_K8,False,3224,806,3224,False,403
mistral_7b_instruct_v0p3,strict_domain_holdout_test,math500,math500:test:224,0.025,False,False,0.0,ESCALATE_TO_K8,False,2471,618,2471,False,309
mistral_7b_instruct_v0p3,strict_domain_holdout_test,math500,math500:test:225,0.025,False,False,0.0,ESCALATE_TO_K8,False,2146,567,2146,False,283
mistral_7b_instruct_v0p3,strict_domain_holdout_test,math500,math500:test:240,0.025,False,False,0.0,ESCALATE_TO_K8,False,3862,976,3862,False,400
mistral_7b_instruct_v0p3,strict_domain_holdout_test,math500,math500:test:243,0.025,False,False,0.0,ESCALATE_TO_K8,False,2183,570,2183,False,269
mistral_7b_instruct_v0p3,strict_domain_holdout_test,math500,math500:test:246,0.025,False,False,0.0,ESCALATE_TO_K8,False,2057,407,2057,False,310
mistral_7b_instruct_v0p3,strict_domain_holdout_test,math500,math500:test:247,0.025,False,False,0.0,ESCALATE_TO_K8,False,2320,580,2320,False,290
mistral_7b_instruct_v0p3,strict_domain_holdout_test,math500,math500:test:249,0.025,False,False,0.0,ESCALATE_TO_K8,False,2302,575,2302,False,288
mistral_7b_instruct_v0p3,strict_domain_holdout_test,math500,math500:test:250,0.025,False,False,0.0,ESCALATE_TO_K8,False,2518,629,2518,False,315
mistral_7b_instruct_v0p3,strict_domain_holdout_test,math500,math500:test:256,0.025,False,False,0.0,ESCALATE_TO_K8,False,2120,543,2120,False,275
mistral_7b_instruct_v0p3,strict_domain_holdout_test,math500,math500:test:259,0.025,True,True,1.0,STOP_AT_K2,True,412,412,1615,True,155
mistral_7b_instruct_v0p3,strict_domain_holdout_test,math500,math500:test:264,0.025,False,False,0.0,ESCALATE_TO_K8,False,4445,1116,4445,False,558
mistral_7b_instruct_v0p3,strict_domain_holdout_test,math500,math500:test:269,0.025,False,False,0.0,ESCALATE_TO_K8,False,2173,492,2173,False,253
mistral_7b_instruct_v0p3,strict_domain_holdout_test,math500,math500:test:274,0.025,False,False,0.0,ESCALATE_TO_K8,False,2454,624,2454,False,312
mistral_7b_instruct_v0p3,strict_domain_holdout_test,math500,math500:test:276,0.025,False,False,0.0,ESCALATE_TO_K8,False,2167,542,2167,False,271
mistral_7b_instruct_v0p3,strict_domain_holdout_test,math500,math500:test:284,0.025,False,False,0.0,ESCALATE_TO_K8,False,2462,616,2462,False,308
mistral_7b_instruct_v0p3,strict_domain_holdout_test,math500,math500:test:287,0.025,False,False,0.0,ESCALATE_TO_K8,False,2496,624,2496,False,311
mistral_7b_instruct_v0p3,strict_domain_holdout_test,math500,math500:test:298,0.025,False,False,0.0,ESCALATE_TO_K8,False,3208,802,3208,False,401
mistral_7b_instruct_v0p3,strict_domain_holdout_test,math500,math500:test:300,0.025,False,False,0.0,ESCALATE_TO_K8,False,2017,548,2017,False,209
mistral_7b_instruct_v0p3,strict_domain_holdout_test,math500,math500:test:318,0.025,False,False,0.0,ESCALATE_TO_K8,False,2207,552,2207,False,276
mistral_7b_instruct_v0p3,strict_domain_holdout_test,math500,math500:test:326,0.025,False,False,0.0,ESCALATE_TO_K8,False,2352,588,2352,False,294
mistral_7b_instruct_v0p3,strict_domain_holdout_test,math500,math500:test:328,0.025,False,False,0.0,ESCALATE_TO_K8,False,2533,639,2533,False,320
mistral_7b_instruct_v0p3,strict_domain_holdout_test,math500,math500:test:329,0.025,False,False,0.0,ESCALATE_TO_K8,False,1938,500,1938,False,222
mistral_7b_instruct_v0p3,strict_domain_holdout_test,math500,math500:test:330,0.025,False,False,0.0,ESCALATE_TO_K8,False,2251,570,2251,False,285
mistral_7b_instruct_v0p3,strict_domain_holdout_test,math500,math500:test:340,0.025,False,False,0.0,ESCALATE_TO_K8,False,2630,670,2630,False,293
mistral_7b_instruct_v0p3,strict_domain_holdout_test,math500,math500:test:345,0.025,False,False,0.0,ESCALATE_TO_K8,False,1588,335,1588,False,125
mistral_7b_instruct_v0p3,strict_domain_holdout_test,math500,math500:test:365,0.025,False,False,0.0,ESCALATE_TO_K8,False,2472,618,2472,False,308
mistral_7b_instruct_v0p3,strict_domain_holdout_test,math500,math500:test:373,0.025,False,False,0.0,ESCALATE_TO_K8,False,2452,581,2452,False,316
mistral_7b_instruct_v0p3,strict_domain_holdout_test,math500,math500:test:384,0.025,True,True,1.0,STOP_AT_K2,True,188,188,1033,True,188
mistral_7b_instruct_v0p3,strict_domain_holdout_test,math500,math500:test:393,0.025,False,False,1.0,STOP_AT_K2,False,674,674,2661,False,337
mistral_7b_instruct_v0p3,strict_domain_holdout_test,math500,math500:test:404,0.025,False,True,0.0,ESCALATE_TO_K8,True,2132,510,2132,True,2132
mistral_7b_instruct_v0p3,strict_domain_holdout_test,math500,math500:test:408,0.025,False,False,0.0,ESCALATE_TO_K8,False,2131,458,2131,False,252
mistral_7b_instruct_v0p3,strict_domain_holdout_test,math500,math500:test:414,0.025,False,False,0.0,ESCALATE_TO_K8,False,2286,572,2286,False,286
mistral_7b_instruct_v0p3,strict_domain_holdout_test,math500,math500:test:420,0.025,False,False,0.0,ESCALATE_TO_K8,False,2384,596,2384,False,298
mistral_7b_instruct_v0p3,strict_domain_holdout_test,math500,math500:test:422,0.025,False,False,0.0,ESCALATE_TO_K8,False,2864,716,2864,False,358
mistral_7b_instruct_v0p3,strict_domain_holdout_test,math500,math500:test:427,0.025,False,False,0.0,ESCALATE_TO_K8,False,2198,529,2198,False,289
mistral_7b_instruct_v0p3,strict_domain_holdout_test,math500,math500:test:429,0.025,False,False,0.0,ESCALATE_TO_K8,False,2272,568,2272,False,284
mistral_7b_instruct_v0p3,strict_domain_holdout_test,math500,math500:test:432,0.025,False,False,0.0,ESCALATE_TO_K8,False,2616,654,2616,False,327
mistral_7b_instruct_v0p3,strict_domain_holdout_test,math500,math500:test:439,0.025,False,True,0.0,ESCALATE_TO_K8,True,2151,538,2151,True,2151
mistral_7b_instruct_v0p3,strict_domain_holdout_test,math500,math500:test:448,0.025,False,False,0.0,ESCALATE_TO_K8,False,2387,605,2387,False,303
mistral_7b_instruct_v0p3,strict_domain_holdout_test,math500,math500:test:461,0.025,False,True,0.0,ESCALATE_TO_K8,True,2772,691,2772,True,2772
mistral_7b_instruct_v0p3,strict_domain_holdout_test,math500,math500:test:468,0.025,False,False,0.0,ESCALATE_TO_K8,False,2213,560,2213,False,264
mistral_7b_instruct_v0p3,strict_domain_holdout_test,math500,math500:test:470,0.025,False,False,0.0,ESCALATE_TO_K8,False,2376,594,2376,False,297
mistral_7b_instruct_v0p3,strict_domain_holdout_test,math500,math500:test:476,0.025,False,False,0.0,ESCALATE_TO_K8,False,2503,626,2503,False,313
mistral_7b_instruct_v0p3,strict_domain_holdout_test,math500,math500:test:490,0.025,False,False,0.0,ESCALATE_TO_K8,False,2759,689,2759,False,345
mistral_7b_instruct_v0p3,strict_domain_holdout_test,math500,math500:test:492,0.025,False,False,0.0,ESCALATE_TO_K8,False,2600,650,2600,False,324
qwen2p5_7b_instruct,strict_domain_holdout_test,math500,math500:test:22,0.025,False,False,0.0,ESCALATE_TO_K8,False,3016,754,3016,False,377
qwen2p5_7b_instruct,strict_domain_holdout_test,math500,math500:test:44,0.025,False,False,0.0,ESCALATE_TO_K8,False,2512,628,2512,False,314
qwen2p5_7b_instruct,strict_domain_holdout_test,math500,math500:test:51,0.025,False,False,0.0,ESCALATE_TO_K8,False,2166,541,2166,False,271
qwen2p5_7b_instruct,strict_domain_holdout_test,math500,math500:test:56,0.025,True,True,1.0,STOP_AT_K2,True,441,441,1543,True,173
qwen2p5_7b_instruct,strict_domain_holdout_test,math500,math500:test:60,0.025,False,False,0.0,ESCALATE_TO_K8,False,2400,600,2400,False,300
qwen2p5_7b_instruct,strict_domain_holdout_test,math500,math500:test:62,0.025,False,False,0.0,ESCALATE_TO_K8,False,2840,710,2840,False,354
qwen2p5_7b_instruct,strict_domain_holdout_test,math500,math500:test:64,0.025,False,False,0.0,ESCALATE_TO_K8,False,2520,630,2520,False,314
qwen2p5_7b_instruct,strict_domain_holdout_test,math500,math500:test:67,0.025,False,False,0.0,ESCALATE_TO_K8,False,2388,600,2388,False,299
qwen2p5_7b_instruct,strict_domain_holdout_test,math500,math500:test:71,0.025,False,False,0.0,ESCALATE_TO_K8,False,2215,553,2215,False,276
qwen2p5_7b_instruct,strict_domain_holdout_test,math500,math500:test:87,0.025,False,False,1.0,STOP_AT_K2,False,546,546,2183,False,273
qwen2p5_7b_instruct,strict_domain_holdout_test,math500,math500:test:88,0.025,False,False,0.0,ESCALATE_TO_K8,False,2696,674,2696,False,337
qwen2p5_7b_instruct,strict_domain_holdout_test,math500,math500:test:89,0.025,False,False,0.0,ESCALATE_TO_K8,False,2198,550,2198,False,275
qwen2p5_7b_instruct,strict_domain_holdout_test,math500,math500:test:101,0.025,False,False,0.0,ESCALATE_TO_K8,False,3527,882,3527,False,441
qwen2p5_7b_instruct,strict_domain_holdout_test,math500,math500:test:112,0.025,False,False,0.0,ESCALATE_TO_K8,False,2608,652,2608,False,326
qwen2p5_7b_instruct,strict_domain_holdout_test,math500,math500:test:130,0.025,False,False,0.0,ESCALATE_TO_K8,False,2310,578,2310,False,289
qwen2p5_7b_instruct,strict_domain_holdout_test,math500,math500:test:132,0.025,True,True,1.0,STOP_AT_K2,True,490,490,1849,True,232
qwen2p5_7b_instruct,strict_domain_holdout_test,math500,math500:test:135,0.025,False,False,0.0,ESCALATE_TO_K8,False,2559,640,2559,False,320
qwen2p5_7b_instruct,strict_domain_holdout_test,math500,math500:test:140,0.025,False,False,0.0,ESCALATE_TO_K8,False,2256,564,2256,False,282
qwen2p5_7b_instruct,strict_domain_holdout_test,math500,math500:test:144,0.025,True,True,0.0,ESCALATE_TO_K8,True,2328,591,2328,True,273
qwen2p5_7b_instruct,strict_domain_holdout_test,math500,math500:test:145,0.025,False,False,0.0,ESCALATE_TO_K8,False,2463,616,2463,False,308
qwen2p5_7b_instruct,strict_domain_holdout_test,math500,math500:test:150,0.025,False,False,0.0,ESCALATE_TO_K8,False,3790,948,3790,False,474
qwen2p5_7b_instruct,strict_domain_holdout_test,math500,math500:test:157,0.025,False,False,0.0,ESCALATE_TO_K8,False,2295,578,2295,False,296
qwen2p5_7b_instruct,strict_domain_holdout_test,math500,math500:test:160,0.025,False,False,0.0,ESCALATE_TO_K8,False,2184,546,2184,False,273
qwen2p5_7b_instruct,strict_domain_holdout_test,math500,math500:test:161,0.025,True,True,1.0,STOP_AT_K2,True,291,291,1143,True,132
qwen2p5_7b_instruct,strict_domain_holdout_test,math500,math500:test:162,0.025,False,False,0.0,ESCALATE_TO_K8,False,2385,602,2385,False,301
qwen2p5_7b_instruct,strict_domain_holdout_test,math500,math500:test:167,0.025,True,True,1.0,STOP_AT_K2,True,541,541,2171,True,305
qwen2p5_7b_instruct,strict_domain_holdout_test,math500,math500:test:168,0.025,False,False,0.0,ESCALATE_TO_K8,False,7335,1834,7335,False,917
qwen2p5_7b_instruct,strict_domain_holdout_test,math500,math500:test:172,0.025,False,False,0.0,ESCALATE_TO_K8,False,2239,559,2239,False,280
qwen2p5_7b_instruct,strict_domain_holdout_test,math500,math500:test:177,0.025,False,False,1.0,STOP_AT_K2,False,966,966,3853,False,501
qwen2p5_7b_instruct,strict_domain_holdout_test,math500,math500:test:194,0.025,False,False,0.0,ESCALATE_TO_K8,False,2287,572,2287,False,286
qwen2p5_7b_instruct,strict_domain_holdout_test,math500,math500:test:206,0.025,False,False,0.0,ESCALATE_TO_K8,False,2720,680,2720,False,340
qwen2p5_7b_instruct,strict_domain_holdout_test,math500,math500:test:210,0.025,False,True,0.0,ESCALATE_TO_K8,True,3326,838,3326,True,3326
qwen2p5_7b_instruct,strict_domain_holdout_test,math500,math500:test:211,0.025,False,True,0.0,ESCALATE_TO_K8,True,2102,521,2102,True,277
qwen2p5_7b_instruct,strict_domain_holdout_test,math500,math500:test:221,0.025,False,False,0.0,ESCALATE_TO_K8,False,2230,558,2230,False,279
qwen2p5_7b_instruct,strict_domain_holdout_test,math500,math500:test:222,0.025,False,False,0.0,ESCALATE_TO_K8,False,3096,774,3096,False,387
qwen2p5_7b_instruct,strict_domain_holdout_test,math500,math500:test:224,0.025,False,False,0.0,ESCALATE_TO_K8,False,2495,624,2495,False,312
qwen2p5_7b_instruct,strict_domain_holdout_test,math500,math500:test:225,0.025,False,True,0.0,ESCALATE_TO_K8,True,2209,568,2209,True,221
qwen2p5_7b_instruct,strict_domain_holdout_test,math500,math500:test:240,0.025,False,False,0.0,ESCALATE_TO_K8,False,3807,952,3807,False,475
qwen2p5_7b_instruct,strict_domain_holdout_test,math500,math500:test:243,0.025,True,True,0.0,ESCALATE_TO_K8,True,2186,545,2186,True,280
qwen2p5_7b_instruct,strict_domain_holdout_test,math500,math500:test:246,0.025,False,True,0.0,ESCALATE_TO_K8,True,2351,624,2351,True,203
qwen2p5_7b_instruct,strict_domain_holdout_test,math500,math500:test:247,0.025,False,False,0.0,ESCALATE_TO_K8,False,2320,580,2320,False,290
qwen2p5_7b_instruct,strict_domain_holdout_test,math500,math500:test:249,0.025,False,False,0.0,ESCALATE_TO_K8,False,2320,580,2320,False,290
qwen2p5_7b_instruct,strict_domain_holdout_test,math500,math500:test:250,0.025,False,False,0.0,ESCALATE_TO_K8,False,2551,637,2551,False,319
qwen2p5_7b_instruct,strict_domain_holdout_test,math500,math500:test:256,0.025,False,False,0.0,ESCALATE_TO_K8,False,2221,555,2221,False,277
qwen2p5_7b_instruct,strict_domain_holdout_test,math500,math500:test:259,0.025,True,True,1.0,STOP_AT_K2,True,479,479,1776,True,210
qwen2p5_7b_instruct,strict_domain_holdout_test,math500,math500:test:264,0.025,False,False,0.0,ESCALATE_TO_K8,False,3938,990,3938,False,495
qwen2p5_7b_instruct,strict_domain_holdout_test,math500,math500:test:269,0.025,False,False,0.0,ESCALATE_TO_K8,False,2328,582,2328,True,288
qwen2p5_7b_instruct,strict_domain_holdout_test,math500,math500:test:274,0.025,False,False,0.0,ESCALATE_TO_K8,False,2503,626,2503,False,313
qwen2p5_7b_instruct,strict_domain_holdout_test,math500,math500:test:276,0.025,False,False,0.0,ESCALATE_TO_K8,False,2192,548,2192,False,274
qwen2p5_7b_instruct,strict_domain_holdout_test,math500,math500:test:284,0.025,False,False,0.0,ESCALATE_TO_K8,False,2480,620,2480,False,310
qwen2p5_7b_instruct,strict_domain_holdout_test,math500,math500:test:287,0.025,False,False,0.0,ESCALATE_TO_K8,False,2512,628,2512,False,313
qwen2p5_7b_instruct,strict_domain_holdout_test,math500,math500:test:298,0.025,False,False,0.0,ESCALATE_TO_K8,False,3392,848,3392,False,424
qwen2p5_7b_instruct,strict_domain_holdout_test,math500,math500:test:300,0.025,True,True,1.0,STOP_AT_K2,True,483,483,1962,True,251
qwen2p5_7b_instruct,strict_domain_holdout_test,math500,math500:test:318,0.025,False,False,0.0,ESCALATE_TO_K8,False,2239,560,2239,False,280
qwen2p5_7b_instruct,strict_domain_holdout_test,math500,math500:test:326,0.025,False,False,0.0,ESCALATE_TO_K8,False,2368,592,2368,False,296
qwen2p5_7b_instruct,strict_domain_holdout_test,math500,math500:test:328,0.025,False,False,0.0,ESCALATE_TO_K8,False,2584,646,2584,False,323
qwen2p5_7b_instruct,strict_domain_holdout_test,math500,math500:test:329,0.025,True,True,1.0,STOP_AT_K2,True,459,459,1775,True,223
qwen2p5_7b_instruct,strict_domain_holdout_test,math500,math500:test:330,0.025,True,True,1.0,STOP_AT_K2,True,558,558,2189,True,558
qwen2p5_7b_instruct,strict_domain_holdout_test,math500,math500:test:340,0.025,False,False,0.0,ESCALATE_TO_K8,False,2784,696,2784,False,348
qwen2p5_7b_instruct,strict_domain_holdout_test,math500,math500:test:345,0.025,False,True,0.0,ESCALATE_TO_K8,True,2189,544,2189,True,254
qwen2p5_7b_instruct,strict_domain_holdout_test,math500,math500:test:365,0.025,False,False,0.0,ESCALATE_TO_K8,False,2445,611,2445,False,306
qwen2p5_7b_instruct,strict_domain_holdout_test,math500,math500:test:373,0.025,False,False,0.0,ESCALATE_TO_K8,False,2552,638,2552,False,319
qwen2p5_7b_instruct,strict_domain_holdout_test,math500,math500:test:384,0.025,False,False,1.0,STOP_AT_K2,False,364,364,1346,False,184
qwen2p5_7b_instruct,strict_domain_holdout_test,math500,math500:test:393,0.025,False,False,0.0,ESCALATE_TO_K8,False,2656,664,2656,False,332
qwen2p5_7b_instruct,strict_domain_holdout_test,math500,math500:test:404,0.025,True,True,1.0,STOP_AT_K2,True,473,473,1984,True,254
qwen2p5_7b_instruct,strict_domain_holdout_test,math500,math500:test:408,0.025,False,False,0.0,ESCALATE_TO_K8,False,2519,630,2519,False,314
qwen2p5_7b_instruct,strict_domain_holdout_test,math500,math500:test:414,0.025,False,False,0.0,ESCALATE_TO_K8,False,2301,576,2301,False,288
qwen2p5_7b_instruct,strict_domain_holdout_test,math500,math500:test:420,0.025,False,False,0.0,ESCALATE_TO_K8,False,2454,613,2454,False,307
qwen2p5_7b_instruct,strict_domain_holdout_test,math500,math500:test:422,0.025,False,False,0.0,ESCALATE_TO_K8,False,2880,720,2880,False,360
qwen2p5_7b_instruct,strict_domain_holdout_test,math500,math500:test:427,0.025,True,True,1.0,STOP_AT_K2,True,562,562,2277,True,262
qwen2p5_7b_instruct,strict_domain_holdout_test,math500,math500:test:429,0.025,False,False,0.0,ESCALATE_TO_K8,False,2296,574,2296,False,287
qwen2p5_7b_instruct,strict_domain_holdout_test,math500,math500:test:432,0.025,False,False,0.0,ESCALATE_TO_K8,False,2624,656,2624,False,328
qwen2p5_7b_instruct,strict_domain_holdout_test,math500,math500:test:439,0.025,False,False,0.0,ESCALATE_TO_K8,False,2168,542,2168,False,271
qwen2p5_7b_instruct,strict_domain_holdout_test,math500,math500:test:448,0.025,False,False,0.0,ESCALATE_TO_K8,False,2432,608,2432,False,304
qwen2p5_7b_instruct,strict_domain_holdout_test,math500,math500:test:461,0.025,False,False,0.0,ESCALATE_TO_K8,False,2784,696,2784,False,348
qwen2p5_7b_instruct,strict_domain_holdout_test,math500,math500:test:468,0.025,True,True,0.0,ESCALATE_TO_K8,True,2016,520,2016,True,283
qwen2p5_7b_instruct,strict_domain_holdout_test,math500,math500:test:470,0.025,False,False,0.0,ESCALATE_TO_K8,False,2400,600,2400,False,300
qwen2p5_7b_instruct,strict_domain_holdout_test,math500,math500:test:476,0.025,False,False,0.0,ESCALATE_TO_K8,False,2473,595,2473,True,297
qwen2p5_7b_instruct,strict_domain_holdout_test,math500,math500:test:490,0.025,False,False,0.0,ESCALATE_TO_K8,False,2743,686,2743,False,343
qwen2p5_7b_instruct,strict_domain_holdout_test,math500,math500:test:492,0.025,False,False,0.0,ESCALATE_TO_K8,False,2646,669,2646,False,335
qwen2p5_math_7b_instruct,strict_domain_holdout_test,math500,math500:test:22,0.025,False,False,0.0,ESCALATE_TO_K8,False,3016,754,3016,False,377
qwen2p5_math_7b_instruct,strict_domain_holdout_test,math500,math500:test:44,0.025,False,False,0.0,ESCALATE_TO_K8,False,2511,628,2511,False,314
qwen2p5_math_7b_instruct,strict_domain_holdout_test,math500,math500:test:51,0.025,False,False,0.0,ESCALATE_TO_K8,False,2168,542,2168,False,271
qwen2p5_math_7b_instruct,strict_domain_holdout_test,math500,math500:test:56,0.025,False,True,0.0,ESCALATE_TO_K8,True,2163,552,2163,True,276
qwen2p5_math_7b_instruct,strict_domain_holdout_test,math500,math500:test:60,0.025,False,False,0.0,ESCALATE_TO_K8,False,2400,600,2400,False,300
qwen2p5_math_7b_instruct,strict_domain_holdout_test,math500,math500:test:62,0.025,False,False,0.0,ESCALATE_TO_K8,False,2840,710,2840,False,355
qwen2p5_math_7b_instruct,strict_domain_holdout_test,math500,math500:test:64,0.025,False,False,0.0,ESCALATE_TO_K8,False,2520,630,2520,False,315
qwen2p5_math_7b_instruct,strict_domain_holdout_test,math500,math500:test:67,0.025,False,False,0.0,ESCALATE_TO_K8,False,2399,599,2399,False,300
qwen2p5_math_7b_instruct,strict_domain_holdout_test,math500,math500:test:71,0.025,False,False,0.0,ESCALATE_TO_K8,False,2216,554,2216,False,277
qwen2p5_math_7b_instruct,strict_domain_holdout_test,math500,math500:test:87,0.025,False,False,0.0,ESCALATE_TO_K8,False,2182,545,2182,False,273
qwen2p5_math_7b_instruct,strict_domain_holdout_test,math500,math500:test:88,0.025,False,False,0.0,ESCALATE_TO_K8,False,2696,674,2696,False,337
qwen2p5_math_7b_instruct,strict_domain_holdout_test,math500,math500:test:89,0.025,False,False,0.0,ESCALATE_TO_K8,False,2197,550,2197,False,274
qwen2p5_math_7b_instruct,strict_domain_holdout_test,math500,math500:test:101,0.025,False,False,0.0,ESCALATE_TO_K8,False,3528,882,3528,False,441
qwen2p5_math_7b_instruct,strict_domain_holdout_test,math500,math500:test:112,0.025,False,False,0.0,ESCALATE_TO_K8,False,2608,652,2608,False,326
qwen2p5_math_7b_instruct,strict_domain_holdout_test,math500,math500:test:130,0.025,False,False,0.0,ESCALATE_TO_K8,False,2312,578,2312,False,289
qwen2p5_math_7b_instruct,strict_domain_holdout_test,math500,math500:test:132,0.025,False,False,0.0,ESCALATE_TO_K8,False,2371,594,2371,False,297
qwen2p5_math_7b_instruct,strict_domain_holdout_test,math500,math500:test:135,0.025,False,False,0.0,ESCALATE_TO_K8,False,2560,640,2560,False,320
qwen2p5_math_7b_instruct,strict_domain_holdout_test,math500,math500:test:140,0.025,False,False,0.0,ESCALATE_TO_K8,False,2256,564,2256,False,282
qwen2p5_math_7b_instruct,strict_domain_holdout_test,math500,math500:test:144,0.025,False,False,0.0,ESCALATE_TO_K8,False,2390,597,2390,False,299
qwen2p5_math_7b_instruct,strict_domain_holdout_test,math500,math500:test:145,0.025,False,False,0.0,ESCALATE_TO_K8,False,2464,616,2464,False,308
qwen2p5_math_7b_instruct,strict_domain_holdout_test,math500,math500:test:150,0.025,False,False,0.0,ESCALATE_TO_K8,False,3792,948,3792,False,474
qwen2p5_math_7b_instruct,strict_domain_holdout_test,math500,math500:test:157,0.025,False,False,0.0,ESCALATE_TO_K8,False,2368,592,2368,False,296
qwen2p5_math_7b_instruct,strict_domain_holdout_test,math500,math500:test:160,0.025,False,False,0.0,ESCALATE_TO_K8,False,2183,546,2183,False,273
qwen2p5_math_7b_instruct,strict_domain_holdout_test,math500,math500:test:161,0.025,True,True,1.0,STOP_AT_K2,True,458,458,1814,True,243
qwen2p5_math_7b_instruct,strict_domain_holdout_test,math500,math500:test:162,0.025,False,False,0.0,ESCALATE_TO_K8,False,2408,602,2408,False,301
qwen2p5_math_7b_instruct,strict_domain_holdout_test,math500,math500:test:167,0.025,False,False,0.0,ESCALATE_TO_K8,False,2616,654,2616,False,326
qwen2p5_math_7b_instruct,strict_domain_holdout_test,math500,math500:test:168,0.025,False,False,0.0,ESCALATE_TO_K8,False,7334,1834,7334,False,917
qwen2p5_math_7b_instruct,strict_domain_holdout_test,math500,math500:test:172,0.025,False,False,0.0,ESCALATE_TO_K8,False,2239,560,2239,False,280
qwen2p5_math_7b_instruct,strict_domain_holdout_test,math500,math500:test:177,0.025,False,False,0.0,ESCALATE_TO_K8,False,4008,1002,4008,False,501
qwen2p5_math_7b_instruct,strict_domain_holdout_test,math500,math500:test:194,0.025,False,False,0.0,ESCALATE_TO_K8,False,2288,572,2288,False,285
qwen2p5_math_7b_instruct,strict_domain_holdout_test,math500,math500:test:206,0.025,False,False,0.0,ESCALATE_TO_K8,False,2716,680,2716,False,340
qwen2p5_math_7b_instruct,strict_domain_holdout_test,math500,math500:test:210,0.025,False,False,0.0,ESCALATE_TO_K8,False,3622,906,3622,False,453
qwen2p5_math_7b_instruct,strict_domain_holdout_test,math500,math500:test:211,0.025,False,False,0.0,ESCALATE_TO_K8,False,2222,556,2222,False,277
qwen2p5_math_7b_instruct,strict_domain_holdout_test,math500,math500:test:221,0.025,False,False,0.0,ESCALATE_TO_K8,False,2231,558,2231,False,279
qwen2p5_math_7b_instruct,strict_domain_holdout_test,math500,math500:test:222,0.025,False,False,0.0,ESCALATE_TO_K8,False,3094,773,3094,False,387
qwen2p5_math_7b_instruct,strict_domain_holdout_test,math500,math500:test:224,0.025,False,False,0.0,ESCALATE_TO_K8,False,2496,624,2496,False,312
qwen2p5_math_7b_instruct,strict_domain_holdout_test,math500,math500:test:225,0.025,False,False,0.0,ESCALATE_TO_K8,False,2286,572,2286,False,286
qwen2p5_math_7b_instruct,strict_domain_holdout_test,math500,math500:test:240,0.025,False,False,0.0,ESCALATE_TO_K8,False,3808,952,3808,False,476
qwen2p5_math_7b_instruct,strict_domain_holdout_test,math500,math500:test:243,0.025,False,False,0.0,ESCALATE_TO_K8,False,2303,575,2303,False,288
qwen2p5_math_7b_instruct,strict_domain_holdout_test,math500,math500:test:246,0.025,False,True,0.0,ESCALATE_TO_K8,True,2481,623,2481,True,2481
qwen2p5_math_7b_instruct,strict_domain_holdout_test,math500,math500:test:247,0.025,False,False,0.0,ESCALATE_TO_K8,False,2319,580,2319,False,290
qwen2p5_math_7b_instruct,strict_domain_holdout_test,math500,math500:test:249,0.025,False,False,0.0,ESCALATE_TO_K8,False,2320,580,2320,False,290
qwen2p5_math_7b_instruct,strict_domain_holdout_test,math500,math500:test:250,0.025,False,False,0.0,ESCALATE_TO_K8,False,2551,638,2551,False,319
qwen2p5_math_7b_instruct,strict_domain_holdout_test,math500,math500:test:256,0.025,False,False,0.0,ESCALATE_TO_K8,False,2224,556,2224,False,278
qwen2p5_math_7b_instruct,strict_domain_holdout_test,math500,math500:test:259,0.025,False,False,0.0,ESCALATE_TO_K8,False,2152,538,2152,False,269
qwen2p5_math_7b_instruct,strict_domain_holdout_test,math500,math500:test:264,0.025,False,False,0.0,ESCALATE_TO_K8,False,3960,990,3960,False,495
qwen2p5_math_7b_instruct,strict_domain_holdout_test,math500,math500:test:269,0.025,False,False,0.0,ESCALATE_TO_K8,False,2328,582,2328,False,291
qwen2p5_math_7b_instruct,strict_domain_holdout_test,math500,math500:test:274,0.025,False,False,0.0,ESCALATE_TO_K8,False,2503,626,2503,False,313
qwen2p5_math_7b_instruct,strict_domain_holdout_test,math500,math500:test:276,0.025,False,False,0.0,ESCALATE_TO_K8,False,2190,548,2190,False,274
qwen2p5_math_7b_instruct,strict_domain_holdout_test,math500,math500:test:284,0.025,False,False,0.0,ESCALATE_TO_K8,False,2480,620,2480,False,310
qwen2p5_math_7b_instruct,strict_domain_holdout_test,math500,math500:test:287,0.025,False,False,0.0,ESCALATE_TO_K8,False,2512,628,2512,False,313
qwen2p5_math_7b_instruct,strict_domain_holdout_test,math500,math500:test:298,0.025,False,False,0.0,ESCALATE_TO_K8,False,3392,848,3392,False,424
qwen2p5_math_7b_instruct,strict_domain_holdout_test,math500,math500:test:300,0.025,False,False,0.0,ESCALATE_TO_K8,False,2197,549,2197,False,275
qwen2p5_math_7b_instruct,strict_domain_holdout_test,math500,math500:test:318,0.025,False,False,0.0,ESCALATE_TO_K8,False,2238,560,2238,False,280
qwen2p5_math_7b_instruct,strict_domain_holdout_test,math500,math500:test:326,0.025,False,False,0.0,ESCALATE_TO_K8,False,2368,592,2368,False,296
qwen2p5_math_7b_instruct,strict_domain_holdout_test,math500,math500:test:328,0.025,False,False,0.0,ESCALATE_TO_K8,False,2584,646,2584,False,323
qwen2p5_math_7b_instruct,strict_domain_holdout_test,math500,math500:test:329,0.025,True,True,1.0,STOP_AT_K2,True,512,512,2131,True,262
qwen2p5_math_7b_instruct,strict_domain_holdout_test,math500,math500:test:330,0.025,False,False,0.0,ESCALATE_TO_K8,False,2295,574,2295,False,287
qwen2p5_math_7b_instruct,strict_domain_holdout_test,math500,math500:test:340,0.025,False,False,0.0,ESCALATE_TO_K8,False,2784,696,2784,False,348
qwen2p5_math_7b_instruct,strict_domain_holdout_test,math500,math500:test:345,0.025,False,False,0.0,ESCALATE_TO_K8,False,2270,568,2270,False,284
qwen2p5_math_7b_instruct,strict_domain_holdout_test,math500,math500:test:365,0.025,False,False,0.0,ESCALATE_TO_K8,False,2448,612,2448,False,306
qwen2p5_math_7b_instruct,strict_domain_holdout_test,math500,math500:test:373,0.025,False,False,0.0,ESCALATE_TO_K8,False,2548,637,2548,False,319
qwen2p5_math_7b_instruct,strict_domain_holdout_test,math500,math500:test:384,0.025,True,True,1.0,STOP_AT_K2,True,486,486,2041,True,270
qwen2p5_math_7b_instruct,strict_domain_holdout_test,math500,math500:test:393,0.025,False,False,0.0,ESCALATE_TO_K8,False,2655,664,2655,False,332
qwen2p5_math_7b_instruct,strict_domain_holdout_test,math500,math500:test:404,0.025,False,False,0.0,ESCALATE_TO_K8,False,2320,580,2320,False,290
qwen2p5_math_7b_instruct,strict_domain_holdout_test,math500,math500:test:408,0.025,False,False,0.0,ESCALATE_TO_K8,False,2520,630,2520,False,315
qwen2p5_math_7b_instruct,strict_domain_holdout_test,math500,math500:test:414,0.025,False,False,0.0,ESCALATE_TO_K8,False,2303,576,2303,False,288
qwen2p5_math_7b_instruct,strict_domain_holdout_test,math500,math500:test:420,0.025,False,False,0.0,ESCALATE_TO_K8,False,2456,614,2456,False,307
qwen2p5_math_7b_instruct,strict_domain_holdout_test,math500,math500:test:422,0.025,False,False,0.0,ESCALATE_TO_K8,False,2880,720,2880,False,360
qwen2p5_math_7b_instruct,strict_domain_holdout_test,math500,math500:test:427,0.025,False,False,0.0,ESCALATE_TO_K8,False,2381,596,2381,False,297
qwen2p5_math_7b_instruct,strict_domain_holdout_test,math500,math500:test:429,0.025,False,False,0.0,ESCALATE_TO_K8,False,2296,574,2296,False,287
qwen2p5_math_7b_instruct,strict_domain_holdout_test,math500,math500:test:432,0.025,False,False,0.0,ESCALATE_TO_K8,False,2621,655,2621,False,328
qwen2p5_math_7b_instruct,strict_domain_holdout_test,math500,math500:test:439,0.025,False,False,0.0,ESCALATE_TO_K8,False,2168,542,2168,False,271
qwen2p5_math_7b_instruct,strict_domain_holdout_test,math500,math500:test:448,0.025,False,False,0.0,ESCALATE_TO_K8,False,2431,607,2431,False,304
qwen2p5_math_7b_instruct,strict_domain_holdout_test,math500,math500:test:461,0.025,False,False,0.0,ESCALATE_TO_K8,False,2783,696,2783,False,348
qwen2p5_math_7b_instruct,strict_domain_holdout_test,math500,math500:test:468,0.025,False,False,0.0,ESCALATE_TO_K8,False,2263,566,2263,False,283
qwen2p5_math_7b_instruct,strict_domain_holdout_test,math500,math500:test:470,0.025,False,False,0.0,ESCALATE_TO_K8,False,2400,600,2400,False,300
qwen2p5_math_7b_instruct,strict_domain_holdout_test,math500,math500:test:476,0.025,False,False,0.0,ESCALATE_TO_K8,False,2504,626,2504,False,313
qwen2p5_math_7b_instruct,strict_domain_holdout_test,math500,math500:test:490,0.025,False,False,0.0,ESCALATE_TO_K8,False,2742,685,2742,False,343
qwen2p5_math_7b_instruct,strict_domain_holdout_test,math500,math500:test:492,0.025,False,False,0.0,ESCALATE_TO_K8,False,2680,670,2680,False,335
